#{"t_start": 1742583319.7141292, "env_id": null}
r,l,t,overtake_vehicle_num,velocity,steering,acceleration,step_energy,episode_energy,policy,navigation_command,navigation_forward,navigation_left,navigation_right,action,raw_action,crash_vehicle,crash_object,crash_building,crash_human,crash_sidewalk,out_of_road,arrive_dest,max_step,env_seed,crash,step_reward,route_completion,cost,total_cost,episode_reward,episode_length,takeover_start,takeover,takeover_cost,total_takeover_cost,native_cost,episode_native_cost,total_takeover_count,ep_overtake_vehicle_num,ep_velocity,ep_steering,ep_acceleration,ep_step_energy,ep_episode_energy,ep_policy,ep_navigation_command,ep_navigation_forward,ep_navigation_left,ep_navigation_right,ep_action,ep_raw_action,ep_crash_vehicle,ep_crash_object,ep_crash_building,ep_crash_human,ep_crash_sidewalk,ep_out_of_road,ep_arrive_dest,ep_max_step,ep_env_seed,ep_crash,ep_step_reward,ep_route_completion,ep_cost,ep_total_cost,ep_episode_reward,ep_episode_length,ep_takeover_start,ep_takeover,ep_takeover_cost,ep_total_takeover_cost,ep_native_cost,ep_episode_native_cost,ep_total_takeover_count
16.587138,183,0.738116,0,2.391838565874390.148797,407,28.760826,0,10.921958529849048,0.34335634112358093,0.27150943875312805,0.052697922142674256,23.38198302176967,EnvInputPolicy,forward,True,False,False,"[0.34335634, 0.27150944]","(0.34335634, 0.27150944)",False,False,False,False,False,False,True,False,118,False,1.143472244635831,0.9906469030228462,0,16.0,390.14879730466527,407,False,True,1,205,0,16.0,205,-6.313994884490967,0.0,11.41922702797529,-0.029956224683388447,0.41719672100330163,0.057449589734077815,11.07773160198029,,,0.36117936117936117,0.0,0.6388206388206388,0.19362024815995657,0.19362024815995657,0.02702702702702703,0.012285012285012284,0.0,0.0,0.0,0.0,0.002457002457002457,0.0,118.0,0.03931203931203931,1.1798736090517739,0.48198057694988794,0.03931203931203931,3.5036855036855035,207.5415201364229,204.0,0.06388206388206388,0.5036855036855037,0.5036855036855037,105.12530712530713,0.03931203931203931,3.5036855036855035,105.12530712530713,-4.22750590869777
e,True,False,"[-0.05687952, 0.051735997]","(-0.05687952, 0.051735997)",False,False,False,False,True,True,False,False,1005,True,0.24077902126097123,0.07024267518509743,1.0,2.0,16.433366485383406,178,False,False,0,0,1.0,1.0,0,0.0,1.1999732680388004,-0.055185049437405015,0.04657305023643408,0.004097572806500713,0.2375266230263872,,,0.4943820224719101,0.5056179775280899,0.0,-0.0043059997,-0.0043059997,0.0,0.0,0.0,0.0,0.0056179775280898875,0.0056179775280898875,0.0,0.0,1005.0,0.0056179775280898875,0.1217648623968786,0.03258306665923965,0.0056179775280898875,1.0056179775280898,7.217030754399637,89.5,0.0,0.0,0.0,0.0,0.0056179775280898875,0.0056179775280898875,0.0
16.44949,185,1.329355,0,2.3019653187544016,-0.05700254440307617,0.046820759773254395,0.008090442669960207,0.7272883455583454,TakeoverPolicyWithoutBrake,forward,True,False,False,"[-0.057002544, 0.04682076]","(-0.057002544, 0.04682076)",False,False,False,False,True,True,False,False,1037,True,0.22570804132209013,0.0738359332543507,1.0,3.0,16.449490413699106,185,False,False,0,0,1.0,1.0,0,0.0,1.1541084715379855,-0.05526326862541405,0.04414037369393014,0.003931288354369436,0.2403069329148984,,,1.0,0.0,0.0,-0.0055614472,-0.0055614472,0.0,0.0,0.0,0.0,0.005405405405405406,0.005405405405405406,0.0,0.0,1037.0,0.005405405405405406,0.11716323489200646,0.034513340909160625,0.005405405405405406,2.0054054054054054,7.314726118647159,93.0,0.0,0.0,0.0,0.0,0.005405405405405406,0.005405405405405406,0.0
16.58367,182,1.641151,0,2.3560008822166987,-0.05699044466018677,0.04695785045623779,0.008295812485345923,0.7330932780791682,TakeoverPolicyWithoutBrake,forward,True,False,False,"[-0.056990445, 0.04695785]","(-0.056990445, 0.04695785)",False,False,False,False,True,True,False,False,1006,True,0.23082066241724078,0.05926911523024575,1.0,4.0,16.583669948582983,182,False,False,0,0,1.0,1.0,0,0.0,1.1811230871647427,-0.05526294911300743,0.044148727432712094,0.004027985044391033,0.24217851922304567,,,1.0,0.0,0.0,-0.0055571115,-0.0055571115,0.0,0.0,0.0,0.0,0.005494505494505495,0.005494505494505495,0.0,0.0,1006.0,0.005494505494505495,0.11985983852197929,0.027669537416212392,0.005494505494505495,3.0054945054945055,7.363373848169476,91.5,0.0,0.0,0.0,0.0,0.005494505494505495,0.005494505494505495,0.0
3.669984,112,1.820754,0,1.5091527070964006,-0.053987205028533936,0.04390251636505127,0.005143162529717466,0.2858525981136608,TakeoverPolicyWithoutBrake,right,False,False,True,"[-0.053987205, 0.043902516]","(-0.053987205, 0.043902516)",False,False,False,False,True,True,False,False,1001,True,0.15496356572197287,0.04479390339557931,1.0,5.0,3.669984126008023,112,False,False,0,0,1.0,1.0,0,0.0,0.7676309078524459,-0.05574731049793107,0.045824426625456126,0.002552255340300542,0.09542403065675022,,,0.7678571428571429,0.0,0.23214285714285715,-0.0049614417,-0.0049614417,0.0,0.0,0.0,0.0,0.008928571428571428,0.008928571428571428,0.0,0.0,1001.0,0.008928571428571428,0.07879417581901782,0.02616105851911851,0.008928571428571428,4.008928571428571,2.9334684223737364,56.5,0.0,0.0,0.0,0.0,0.008928571428571428,0.008928571428571428,0.0
16.71711,179,2.067053,0,2.3776074964493024,-0.056818366050720215,0.041964173316955566,0.008380952809493107,0.7379422391304329,TakeoverPolicyWithoutBrake,right,False,False,True,"[-0.056818366, 0.041964173]","(-0.056818366, 0.041964173)",False,False,False,False,True,True,False,False,1025,True,0.2333592984312875,0.10019698109524092,1.0,6.0,16.717109623427607,179,False,False,0,0,1.0,1.0,0,0.0,1.2077919970169702,-0.05454638150817189,0.043028441221354394,0.004122582341510799,0.2453606893377361,,,0.48044692737430167,0.0,0.5195530726256983,-0.00575897,-0.00575897,0.0,0.0,0.0,0.0,0.00558659217877095,0.00558659217877095,0.0,0.0,1025.0,0.00558659217877095,0.12262831799921169,0.04687773496574719,0.00558659217877095,5.005586592178771,7.454010611982829,90.0,0.0,0.0,0.0,0.0,0.00558659217877095,0.00558659217877095,0.0
24.585959,219,2.399051,0,2.827697309446623,-0.058075129985809326,0.05174398422241211,0.010132234748385259,1.0302413395515557,TakeoverPolicyWithoutBrake,left,False,True,False,"[-0.05807513, 0.051743984]","(-0.05807513, 0.051743984)",False,False,False,False,True,True,False,False,1032,True,0.2630603312518848,0.12194130675291108,1.0,7.0,24.585959253265862,219,False,False,0,0,1.0,1.0,0,0.0,1.3638825514354422,-0.05444375891663712,0.045118826165046866,0.004704298354116691,0.3326261035239125,,,0.4200913242009132,0.5799086757990868,0.0,-0.0046624662,-0.0046624662,0.0,0.0,0.0,0.0,0.0045662100456621,0.0045662100456621,0.0,0.0,1032.0,0.0045662100456621,0.1362968930799898,0.053030593310512415,0.0045662100456621,6.004566210045662,9.989928301476759,110.0,0.0,0.0,0.0,0.0,0.0045662100456621,0.0045662100456621,0.0
25.323968,222,2.795724,0,2.726751866538767,-0.05454987287521362,0.043459296226501465,0.009738549860323627,1.053066154151484,TakeoverPolicyWithoutBrake,right,False,False,True,"[-0.054549873, 0.043459296]","(-0.054549873, 0.043459296)",False,False,False,False,True,True,False,False,1031,True,0.2549423499521588,0.07276890290862735,1.0,8.0,25.323968065884028,222,False,False,0,0,1.0,1.0,0,0.0,1.3762881383006544,-0.05289215091112498,0.040555974384685896,0.004743541234916596,0.34938371944587643,,,0.40540540540540543,0.0,0.5945945945945946,-0.0061680884,-0.0061680884,0.0,0.0,0.0,0.0,0.0045045045045045045,0.0045045045045045045,0.0,0.0,1031.0,0.0045045045045045045,0.1377428397109738,0.032023269901574,0.0045045045045045045,7.004504504504505,10.493579711677299,111.5,0.0,0.0,0.0,0.0,0.0045045045045045045,0.0045045045045045045,0.0
3.738361,112,3.023715,0,1.5137793563011641,-0.05250048637390137,0.042624711990356445,0.005160634344168944,0.28815526104665345,TakeoverPolicyWithoutBrake,right,False,False,True,"[-0.052500486, 0.042624712]","(-0.052500486, 0.042624712)",False,False,False,False,True,True,False,False,1004,True,0.15548220363655837,0.02702765729562933,1.0,9.0,3.7383612377409126,112,False,False,0,0,1.0,1.0,0,0.0,0.7735713708700125,-0.055422316172293255,0.04555414829935346,0.0025728148307736904,0.09628387226922494,,,0.7678571428571429,0.0,0.23214285714285715,-0.004934084,-0.004934084,0.0,0.0,0.0,0.0,0.008928571428571428,0.008928571428571428,0.0,0.0,1004.0,0.008928571428571428,0.07940931644087026,0.015757921923361527,0.008928571428571428,8.008928571428571,2.959568417640373,56.5,0.0,0.0,0.0,0.0,0.008928571428571428,0.008928571428571428,0.0
24.585952,219,3.283066,0,2.8276981423315544,-0.058075129985809326,0.05174398422241211,0.010132237629971149,1.0302411573690873,TakeoverPolicyWithoutBrake,left,False,True,False,"[-0.05807513, 0.051743984]","(-0.05807513, 0.051743984)",False,False,False,False,True,True,False,False,1032,True,0.263060334999867,0.1219412789856899,1.0,10.0,24.585951747663703,219,False,False,0,0,1.0,1.0,0,0.0,1.3638826808523383,-0.05444375918880445,0.045118823987708244,0.0047042975222332745,0.33262604944875585,,,0.4200913242009132,0.5799086757990868,0.0,-0.004662468,-0.004662468,0.0,0.0,0.0,0.0,0.0045662100456621,0.0045662100456621,0.0,0.0,1032.0,0.0045662100456621,0.1362968588249478,0.05303058719284837,0.0045662100456621,9.004566210045661,9.989926608028922,110.0,0.0,0.0,0.0,0.0,0.0045662100456621,0.0045662100456621,0.0
3.671687,110,3.419284,0,1.5508217983534436,-0.05547523498535156,0.04616749286651611,0.005290944752303473,0.28628161484938264,TakeoverPolicyWithoutBrake,forward,True,False,False,"[-0.055475235, 0.046167493]","(-0.055475235, 0.046167493)",False,False,False,False,True,True,False,False,1000,True,0.15913457425225846,0.042982385556608126,1.0,11.0,3.671686769562946,110,False,False,0,0,1.0,1.0,0,0.0,0.7824412671722454,-0.05609347224235535,0.04632575620304454,0.0026025601349943892,0.09538454523539656,,,1.0,0.0,0.0,-0.0048838584,-0.0048838584,0.0,0.0,0.0,0.0,0.00909090909090909,0.00909090909090909,0.0,0.0,1000.0,0.00909090909090909,0.08028019403468367,0.02508429798871936,0.00909090909090909,10.00909090909091,2.929838366189937,55.5,0.0,0.0,0.0,0.0,0.00909090909090909,0.00909090909090909,0.0
3.685698,116,3.599422,0,1.4709191215355024,-0.05550193786621094,0.046181678771972656,0.005005796818841542,0.28592352888851835,TakeoverPolicyWithoutBrake,forward,True,False,False,"[-0.055501938, 0.04618168]","(-0.055501938, 0.04618168)",False,False,False,False,True,True,False,False,1002,True,0.15098349304153866,0.03410276758358618,1.0,12.0,3.685698207034788,116,False,False,0,0,1.0,1.0,0,0.0,0.7419373346731277,-0.0560923439675364,0.04629724087386296,0.002464858007659641,0.09527161187776488,,,1.0,0.0,0.0,-0.004897551,-0.004897551,0.0,0.0,0.0,0.0,0.008620689655172414,0.008620689655172414,0.0,0.0,1002.0,0.008620689655172414,0.07617829051789936,0.01989566135646369,0.008620689655172414,11.008620689655173,2.933079880141183,58.5,0.0,0.0,0.0,0.0,0.008620689655172414,0.008620689655172414,0.0
3.684324,113,3.788378,0,1.537076800792185,-0.05539983510971069,0.04985463619232178,0.005240356439439207,0.2864269623372726,TakeoverPolicyWithoutBrake,left,False,True,False,"[-0.055399835, 0.049854636]","(-0.055399835, 0.049854636)",False,False,False,False,True,True,False,False,1010,True,0.1576679594951664,0.04289131568595864,1.0,13.0,3.684324382476591,113,False,False,0,0,1.0,1.0,0,0.0,0.7625717905308527,-0.056317735034807595,0.04730154244245681,0.002534751879090908,0.0950862247702045,,,0.7699115044247787,0.23008849557522124,0.0,-0.0045080967,-0.0045080967,0.0,0.0,0.0,0.0,0.008849557522123894,0.008849557522123894,0.0,0.0,1010.0,0.008849557522123894,0.07824771984045802,0.024989846322997368,0.008849557522123894,12.008849557522124,2.924019739570834,57.0,0.0,0.0,0.0,0.0,0.008849557522123894,0.008849557522123894,0.0
3.783011,111,4.010689,0,1.5431762746267648,-0.05399489402770996,0.043965697288513184,0.005265158374409619,0.28989106898624084,TakeoverPolicyWithoutBrake,right,False,False,True,"[-0.053994894, 0.043965697]","(-0.053994894, 0.043965697)",False,False,False,False,True,True,False,False,1016,True,0.15840684816746106,0.043805056554390945,1.0,14.0,3.7830105686882334,111,False,False,0,0,1.0,1.0,0,0.0,0.7849354582565533,-0.055743569726342555,0.045834322233457826,0.002611631252128296,0.09676080200727045,,,0.7657657657657657,0.0,0.23423423423423423,-0.0049546235,-0.0049546235,0.0,0.0,0.0,0.0,0.009009009009009009,0.009009009009009009,0.0,0.0,1016.0,0.009009009009009009,0.080553310061763,0.025496083765665287,0.009009009009009009,13.00900900900901,2.9727421786439763,56.0,0.0,0.0,0.0,0.0,0.009009009009009009,0.009009009009009009,0.0
24.737499,229,4.445123,0,2.6471124644965895,-0.05807685852050781,0.047447919845581055,0.00942619290112993,1.0315860752143127,TakeoverPolicyWithoutBrake,forward,True,False,False,"[-0.05807686, 0.04744792]","(-0.05807686, 0.04744792)",False,False,False,False,True,True,False,False,1026,True,0.24589027757460966,0.071196630679895,1.0,15.0,24.737498549491598,229,False,False,0,0,1.0,1.0,0,0.0,1.3102179510437382,-0.05451849011875136,0.042280270022596336,0.004504742686525384,0.3389216342823671,,,1.0,0.0,0.0,-0.00611911,-0.00611911,0.0,0.0,0.0,0.0,0.004366812227074236,0.004366812227074236,0.0,0.0,1026.0,0.004366812227074236,0.1309318289391537,0.03126527840854767,0.004366812227074236,14.004366812227074,10.19897329072756,115.0,0.0,0.0,0.0,0.0,0.004366812227074236,0.004366812227074236,0.0
3.669985,112,4.554564,0,1.509153194261462,-0.053987205028533936,0.04390251636505127,0.005143162928031633,0.28585263289736224,TakeoverPolicyWithoutBrake,right,False,False,True,"[-0.053987205, 0.043902516]","(-0.053987205, 0.043902516)",False,False,False,False,True,True,False,False,1001,True,0.15496356791421564,0.04479390657451956,1.0,16.0,3.669985139819797,112,False,False,0,0,1.0,1.0,0,0.0,0.7676310315224887,-0.05574730996574674,0.04582442768982479,0.0025522556508693053,0.09542403360468732,,,0.7678571428571429,0.0,0.23214285714285715,-0.0049614413,-0.0049614413,0.0,0.0,0.0,0.0,0.008928571428571428,0.008928571428571428,0.0,0.0,1001.0,0.008928571428571428,0.07879418489048226,0.026161058774569063,0.008928571428571428,15.008928571428571,2.9334685139756305,56.5,0.0,0.0,0.0,0.0,0.008928571428571428,0.008928571428571428,0.0
3.669984,112,4.660872,0,1.5091530628159802,-0.053987205028533936,0.04390251636505127,0.005143162595580317,0.28585259907967064,TakeoverPolicyWithoutBrake,right,False,False,True,"[-0.053987205, 0.043902516]","(-0.053987205, 0.043902516)",False,False,False,False,True,True,False,False,1001,True,0.15496356732271097,0.04479390339557931,1.0,17.0,3.669984157763933,112,False,False,0,0,1.0,1.0,0,0.0,0.7676309740362788,-0.0557473110301154,0.04582442556108747,0.0025522553489256312,0.09542403089517267,,,0.7678571428571429,0.0,0.23214285714285715,-0.0049614427,-0.0049614427,0.0,0.0,0.0,0.0,0.008928571428571428,0.008928571428571428,0.0,0.0,1001.0,0.008928571428571428,0.07879417611684507,0.02616105851911851,0.008928571428571428,16.008928571428573,2.93346843026218,56.5,0.0,0.0,0.0,0.0,0.008928571428571428,0.008928571428571428,0.0
24.585956,219,4.910675,0,2.827698463829788,-0.058075129985809326,0.05174398422241211,0.010132238299623295,1.0302413029119666,TakeoverPolicyWithoutBrake,left,False,True,False,"[-0.05807513, 0.051743984]","(-0.05807513, 0.051743984)",False,False,False,False,True,True,False,False,1032,True,0.26306033644660903,0.1219412928693005,1.0,18.0,24.58595571906082,219,False,False,0,0,1.0,1.0,0,0.0,1.3638828413257933,-0.05444375810013514,0.045118826165046866,0.004704298186812634,0.33262612004212655,,,0.4200913242009132,0.5799086757990868,0.0,-0.004662466,-0.004662466,0.0,0.0,0.0,0.0,0.0045662100456621,0.0045662100456621,0.0,0.0,1032.0,0.0045662100456621,0.13629687696578735,0.05303059451502657,0.0045662100456621,17.004566210045663,9.989928676597014,110.0,0.0,0.0,0.0,0.0,0.0045662100456621,0.0045662100456621,0.0
25.367623,224,5.405815,0,2.6936520211329573,-0.0540429949760437,0.042475223541259766,0.009609426723734531,1.0534670478818413,TakeoverPolicyWithoutBrake,right,False,False,True,"[-0.054042995, 0.042475224]","(-0.054042995, 0.042475224)",False,False,False,False,True,True,False,False,1045,True,0.2521383713509577,0.07872386399416433,1.0,19.0,25.367622500434837,224,False,False,0,0,1.0,1.0,0,0.0,1.3653005644382525,-0.052671746483870914,0.040171285825116296,0.004702977892329647,0.3503191535327336,,,0.4017857142857143,0.0,0.5982142857142857,-0.00625023,-0.00625023,0.0,0.0,0.0,0.0,0.004464285714285714,0.004464285714285714,0.0,0.0,1045.0,0.004464285714285714,0.13669536103475802,0.03467762954150876,0.004464285714285714,18.004464285714285,10.527279542573961,112.5,0.0,0.0,0.0,0.0,0.004464285714285714,0.004464285714285714,0.0
3.708841,113,5.665709,0,1.4955847281087027,-0.052552103996276855,0.042687058448791504,0.005095496717073577,0.28700251278001,TakeoverPolicyWithoutBrake,right,False,False,True,"[-0.052552104, 0.04268706]","(-0.052552104, 0.04268706)",False,False,False,False,True,True,False,False,1038,True,0.15362744725549307,0.03239657751277649,1.0,20.0,3.7088410988730445,113,False,False,0,0,1.0,1.0,0,0.0,0.7639181053163052,-0.05544196768144591,0.04557714525577242,0.0025398452458407963,0.09588871293220508,,,0.7699115044247787,0.0,0.23008849557522124,-0.004932411,-0.004932411,0.0,0.0,0.0,0.0,0.008849557522123894,0.008849557522123894,0.0,0.0,1038.0,0.008849557522123894,0.07842892518697821,0.018904318331878025,0.008849557522123894,19.008849557522122,2.9487311274360093,57.0,0.0,0.0,0.0,0.0,0.008849557522123894,0.008849557522123894,0.0
3.754542,116,5.878146,0,1.4620429175861511,-0.05240708589553833,0.042449355125427246,0.004976226665067352,0.28815329201699874,TakeoverPolicyWithoutBrake,right,False,False,True,"[-0.052407086, 0.042449355]","(-0.052407086, 0.042449355)",False,False,False,False,True,True,False,False,1049,True,0.15020063783128612,0.03810148951071335,1.0,21.0,3.7545415720779403,116,False,False,0,0,1.0,1.0,0,0.0,0.7474650231317144,-0.05540083913967527,0.04550229886482502,0.002484080103594817,0.09629735011090336,,,0.7672413793103449,0.0,0.23275862068965517,-0.0049492703,-0.0049492703,0.0,0.0,0.0,0.0,0.008620689655172414,0.008620689655172414,0.0,0.0,1049.0,0.008620689655172414,0.07676501905094163,0.022205728044826564,0.008620689655172414,20.00862068965517,2.9643930468063746,58.5,0.0,0.0,0.0,0.0,0.008620689655172414,0.008620689655172414,0.0
16.449486,185,6.083235,0,2.301964565144966,-0.05700254440307617,0.046820759773254395,0.008090442450466985,0.727288201693158,TakeoverPolicyWithoutBrake,forward,True,False,False,"[-0.057002544, 0.04682076]","(-0.057002544, 0.04682076)",False,False,False,False,True,True,False,False,1037,True,0.22570803793084765,0.0738359223008889,1.0,22.0,16.449486465455976,185,False,False,0,0,1.0,1.0,0,0.0,1.1541083070489704,-0.055263270558537664,0.04414037111643199,0.003931287576719772,0.24030691535476992,,,1.0,0.0,0.0,-0.0055614496,-0.0055614496,0.0,0.0,0.0,0.0,0.005405405405405406,0.005405405405405406,0.0,0.0,1037.0,0.005405405405405406,0.11716321353182065,0.034513339547378875,0.005405405405405406,21.005405405405405,7.314725627945162,93.0,0.0,0.0,0.0,0.0,0.005405405405405406,0.005405405405405406,0.0
25.367619,224,6.496858,0,2.6936534476750693,-0.0540429949760437,0.04247546195983887,0.009609446189257109,1.0534674697586999,TakeoverPolicyWithoutBrake,right,False,False,True,"[-0.054042995, 0.042475462]","(-0.054042995, 0.042475462)",False,False,False,False,True,True,False,False,1045,True,0.25213837777039716,0.07872385522440141,1.0,23.0,25.36761900107677,224,False,False,0,0,1.0,1.0,0,0.0,1.3653008836432596,-0.052671748612608225,0.04017130232283047,0.004702979775708481,0.3503192021968277,,,0.4017857142857143,0.0,0.5982142857142857,-0.0062502236,-0.0062502236,0.0,0.0,0.0,0.0,0.004464285714285714,0.004464285714285714,0.0,0.0,1045.0,0.004464285714285714,0.136695345441282,0.03467762894446017,0.004464285714285714,22.004464285714285,10.527279338796678,112.5,0.0,0.0,0.0,0.0,0.004464285714285714,0.004464285714285714,0.0
3.615555,114,6.715343,0,1.485041514213242,-0.05547356605529785,0.046103596687316895,0.005055870308665966,0.28378228907894226,TakeoverPolicyWithoutBrake,forward,True,False,False,"[-0.055473566, 0.046103597]","(-0.055473566, 0.046103597)",False,False,False,False,True,True,False,False,1043,True,0.15244131565917443,0.029742325641806254,1.0,24.0,3.6155554188938375,114,False,False,0,0,1.0,1.0,0,0.0,0.7492161056092153,-0.05609261675884849,0.04629812533395332,0.00248931832525388,0.0945632071687553,,,1.0,0.0,0.0,-0.0048972457,-0.0048972457,0.0,0.0,0.0,0.0,0.008771929824561403,0.008771929824561403,0.0,0.0,1043.0,0.008771929824561403,0.07691225205748259,0.017388445291702425,0.008771929824561403,23.00877192982456,2.9094765487787613,57.5,0.0,0.0,0.0,0.0,0.008771929824561403,0.008771929824561403,0.0
16.717103,179,6.919665,0,2.377604565704568,-0.05682063102722168,0.04197216033935547,0.008380889124513433,0.7379419888388744,TakeoverPolicyWithoutBrake,right,False,False,True,"[-0.05682063, 0.04197216]","(-0.05682063, 0.04197216)",False,False,False,False,True,True,False,False,1025,True,0.23335737789430336,0.100196951668253,1.0,25.0,16.71710347866758,179,False,False,0,0,1.0,1.0,0,0.0,1.2077914558593335,-0.05454634920844818,0.043028454540828084,0.004122580943233936,0.2453606506468105,,,0.48044692737430167,0.0,0.5195530726256983,-0.0057589477,-0.0057589477,0.0,0.0,0.0,0.0,0.00558659217877095,0.00558659217877095,0.0,0.0,1025.0,0.00558659217877095,0.12262827294168649,0.04687773065033695,0.00558659217877095,24.00558659217877,7.4540094194745254,90.0,0.0,0.0,0.0,0.0,0.00558659217877095,0.00558659217877095,0.0
3.754541,116,7.057937,0,1.4620431509873235,-0.052407026290893555,0.042449355125427246,0.004976226706879808,0.28815326078181047,TakeoverPolicyWithoutBrake,right,False,False,True,"[-0.052407026, 0.042449355]","(-0.052407026, 0.042449355)",False,False,False,False,True,True,False,False,1049,True,0.1502006388815914,0.038101486822028165,1.0,26.0,3.754540632589938,116,False,False,0,0,1.0,1.0,0,0.0,0.7474650523206405,-0.05540083913967527,0.04550229886482502,0.0024840798343259522,0.09629733470096251,,,0.7672413793103449,0.0,0.23275862068965517,-0.0049492703,-0.0049492703,0.0,0.0,0.0,0.0,0.008620689655172414,0.008620689655172414,0.0,0.0,1049.0,0.008620689655172414,0.07676501096096146,0.022205726746840616,0.008620689655172414,25.00862068965517,2.9643925851665074,58.5,0.0,0.0,0.0,0.0,0.008620689655172414,0.008620689655172414,0.0
3.693438,112,7.256319,0,1.5540893348299476,-0.0551416277885437,0.05107378959655762,0.005300292597552178,0.2868730330887401,TakeoverPolicyWithoutBrake,left,False,True,False,"[-0.055141628, 0.05107379]","(-0.055141628, 0.05107379)",False,False,False,False,True,True,False,False,1035,True,0.1594020018602504,0.0364327346113833,1.0,27.0,3.6934376818920445,112,False,False,0,0,1.0,1.0,0,0.0,0.7703857274854877,-0.05602360676441874,0.047379917332104275,0.0025613663668637523,0.09519847639462362,,,0.7678571428571429,0.23214285714285715,0.0,-0.004321845,-0.004321845,0.0,0.0,0.0,0.0,0.008928571428571428,0.008928571428571428,0.0,0.0,1035.0,0.008928571428571428,0.07904321146207405,0.021217573605205105,0.008928571428571428,26.008928571428573,2.926327936882853,56.5,0.0,0.0,0.0,0.0,0.008928571428571428,0.008928571428571428,0.0
3.664106,111,7.44153,0,1.564725489782091,-0.05571699142456055,0.05140423774719238,0.005338012173504592,0.2860210718178767,TakeoverPolicyWithoutBrake,left,False,True,False,"[-0.05571699, 0.051404238]","(-0.05571699, 0.051404238)",False,False,False,False,True,True,False,False,1014,True,0.16046838872745692,0.052979834852657615,1.0,28.0,3.6641061217415576,111,False,False,0,0,1.0,1.0,0,0.0,0.7749525837512712,-0.056158773533932796,0.047437911635046605,0.002576766412773664,0.09490299086409858,,,0.7747747747747747,0.22522522522522523,0.0,-0.004360431,-0.004360431,0.0,0.0,0.0,0.0,0.009009009009009009,0.009009009009009009,0.0,0.0,1014.0,0.009009009009009009,0.07950067126548661,0.03087983809914883,0.009009009009009009,27.00900900900901,2.9162281693695364,56.0,0.0,0.0,0.0,0.0,0.009009009009009009,0.009009009009009009,0.0
17.002243,186,7.782654,0,2.295422490371304,-0.05350774526596069,0.042731642723083496,0.008067624110026912,0.7457466678054925,TakeoverPolicyWithoutBrake,right,False,False,True,"[-0.053507745, 0.042731643]","(-0.053507745, 0.042731643)",False,False,False,False,True,True,False,False,1033,True,0.22570720882385836,0.06920304978688858,1.0,29.0,17.002242866311224,186,False,False,0,0,1.0,1.0,0,0.0,1.1762039954629144,-0.05365602111303678,0.042299331516347904,0.004009390687126304,0.24903839778302414,,,0.478494623655914,0.0,0.521505376344086,-0.005678345,-0.005678345,0.0,0.0,0.0,0.0,0.005376344086021506,0.005376344086021506,0.0,0.0,1033.0,0.005376344086021506,0.11950510793083373,0.032354799157279734,0.005376344086021506,28.00537634408602,7.576249046240566,93.5,0.0,0.0,0.0,0.0,0.005376344086021506,0.005376344086021506,0.0
25.365659,224,8.228585,0,2.6921815605779633,-0.054025888442993164,0.042436838150024414,0.0096037346004391,1.053361241192704,TakeoverPolicyWithoutBrake,right,False,False,True,"[-0.05402589, 0.04243684]","(-0.05402589, 0.04243684)",False,False,False,False,True,True,False,False,1021,True,0.2520096839659602,0.08655560672183306,1.0,30.0,25.36565899225993,224,False,False,0,0,1.0,1.0,0,0.0,1.3651966574099623,-0.05267005466989109,0.04012460048709597,0.004702505541038856,0.3504104958970023,,,0.4017857142857143,0.0,0.5982142857142857,-0.006272727,-0.006272727,0.0,0.0,0.0,0.0,0.004464285714285714,0.004464285714285714,0.0,0.0,1021.0,0.004464285714285714,0.1366860208760084,0.03813644973719154,0.004464285714285714,29.004464285714285,10.530071951777158,112.5,0.0,0.0,0.0,0.0,0.004464285714285714,0.004464285714285714,0.0
3.693438,112,8.369977,0,1.5540893302290215,-0.0551416277885437,0.05107378959655762,0.0053002925966742715,0.28687303312943824,TakeoverPolicyWithoutBrake,left,False,True,False,"[-0.055141628, 0.05107379]","(-0.055141628, 0.05107379)",False,False,False,False,True,True,False,False,1035,True,0.15940200183954623,0.0364327346113833,1.0,31.0,3.6934376818881294,112,False,False,0,0,1.0,1.0,0,0.0,0.7703857274366355,-0.056023607828787396,0.047379917332104275,0.0025613663672271283,0.09519847637507242,,,0.7678571428571429,0.23214285714285715,0.0,-0.0043218452,-0.0043218452,0.0,0.0,0.0,0.0,0.008928571428571428,0.008928571428571428,0.0,0.0,1035.0,0.008928571428571428,0.07904321146185422,0.021217573605205105,0.008928571428571428,30.008928571428573,2.9263279368856865,56.5,0.0,0.0,0.0,0.0,0.008928571428571428,0.008928571428571428,0.0
16.433366,178,8.612895,0,2.455627779196367,-0.056879520416259766,0.05173599720001221,0.008674921366966508,0.729367956478334,TakeoverPolicyWithoutBrake,left,False,True,False,"[-0.05687952, 0.051735997]","(-0.05687952, 0.051735997)",False,False,False,False,True,True,False,False,1005,True,0.2407790237368524,0.07024267518509743,1.0,32.0,16.43336640286465,178,False,False,0,0,1.0,1.0,0,0.0,1.1999731681101067,-0.055185049102547463,0.046573055594154956,0.004097572789204121,0.23752662142564407,,,0.4943820224719101,0.5056179775280899,0.0,-0.004305997,-0.004305997,0.0,0.0,0.0,0.0,0.0056179775280898875,0.0056179775280898875,0.0,0.0,1005.0,0.0056179775280898875,0.12176486194719949,0.03258306662996721,0.0056179775280898875,31.00561797752809,7.217030709524177,89.5,0.0,0.0,0.0,0.0,0.0056179775280898875,0.0056179775280898875,0.0
3.738361,112,8.767308,0,1.513779118378299,-0.05250048637390137,0.042624711990356445,0.00516063429996696,0.2881552589985581,TakeoverPolicyWithoutBrake,right,False,False,True,"[-0.052500486, 0.042624712]","(-0.052500486, 0.042624712)",False,False,False,False,True,True,False,False,1004,True,0.15548220256590548,0.02702765729562933,1.0,33.0,3.7383612291584463,112,False,False,0,0,1.0,1.0,0,0.0,0.7735713517170089,-0.055422316172293255,0.04555415042809078,0.002572814812487126,0.09628388160027043,,,0.7678571428571429,0.0,0.23214285714285715,-0.004934083,-0.004934083,0.0,0.0,0.0,0.0,0.008928571428571428,0.008928571428571428,0.0,0.0,1004.0,0.008928571428571428,0.07940931635468175,0.015757922485758736,0.008928571428571428,32.00892857142857,2.9595687016151353,56.5,0.0,0.0,0.0,0.0,0.008928571428571428,0.008928571428571428,0.0
17.002237,186,9.042543,0,2.2954206343980967,-0.05350780487060547,0.042731642723083496,0.008067621811283014,0.7457464486802103,TakeoverPolicyWithoutBrake,right,False,False,True,"[-0.053507805, 0.042731643]","(-0.053507805, 0.042731643)",False,False,False,False,True,True,False,False,1033,True,0.22570720047197892,0.06920303469806582,1.0,34.0,17.002236790058703,186,False,False,0,0,1.0,1.0,0,0.0,1.1762035622986458,-0.05365602143349186,0.04229933279816822,0.004009389509033389,0.24903830844365984,,,0.478494623655914,0.0,0.521505376344086,-0.005678345,-0.005678345,0.0,0.0,0.0,0.0,0.005376344086021506,0.005376344086021506,0.0,0.0,1033.0,0.005376344086021506,0.11950507521790693,0.03235479251197831,0.005376344086021506,33.005376344086024,7.576246426660883,93.5,0.0,0.0,0.0,0.0,0.005376344086021506,0.005376344086021506,0.0
25.367595,224,9.461015,0,2.6936531449029517,-0.05404305458068848,0.04247546195983887,0.009609453243809863,1.053466763547529,TakeoverPolicyWithoutBrake,right,False,False,True,"[-0.054043055, 0.042475462]","(-0.054043055, 0.042475462)",False,False,False,False,True,True,False,False,1045,True,0.25213837640792264,0.07872380260582394,1.0,35.0,25.367595480383237,224,False,False,0,0,1.0,1.0,0,0.0,1.3653002548015665,-0.05267174967697689,0.04017130019409316,0.00470297662298004,0.35031903195896075,,,0.4017857142857143,0.0,0.5982142857142857,-0.006250225,-0.006250225,0.0,0.0,0.0,0.0,0.004464285714285714,0.004464285714285714,0.0,0.0,1045.0,0.004464285714285714,0.13669524043210335,0.034677618207373216,0.004464285714285714,34.004464285714285,10.527274478351062,112.5,0.0,0.0,0.0,0.0,0.004464285714285714,0.004464285714285714,0.0
3.730151,116,9.658124,0,1.4660854270769417,-0.054002463817596436,0.04391157627105713,0.004989826658806216,0.2873725742891551,TakeoverPolicyWithoutBrake,right,False,False,True,"[-0.054002464, 0.043911576]","(-0.054002464, 0.043911576)",False,False,False,False,True,True,False,False,1042,True,0.15055452248336967,0.04561101082525199,1.0,36.0,3.7301508859234627,116,False,False,0,0,1.0,1.0,0,0.0,0.7455331691391233,-0.055749739038533176,0.04581648727943157,0.002477349778354784,0.09592414945291976,,,0.7672413793103449,0.0,0.23275862068965517,-0.004966626,-0.004966626,0.0,0.0,0.0,0.0,0.008620689655172414,0.008620689655172414,0.0,0.0,1042.0,0.008620689655172414,0.0765578052448865,0.02659081439609948,0.008620689655172414,35.008620689655174,2.9529855117584356,58.5,0.0,0.0,0.0,0.0,0.008620689655172414,0.008620689655172414,0.0
3.687647,111,9.900922,0,1.5271483644853412,-0.05407273769378662,0.04411661624908447,0.0052074065226465,0.28660752100158304,TakeoverPolicyWithoutBrake,right,False,False,True,"[-0.054072738, 0.044116616]","(-0.054072738, 0.044116616)",False,False,False,False,True,True,False,False,1015,True,0.15679167752787934,0.024096453668429087,1.0,37.0,3.687646757834651,111,False,False,0,0,1.0,1.0,0,0.0,0.7763689379051536,-0.05574856523994927,0.045858994260564584,0.0025820497387530005,0.09566731193515295,,,0.7657657657657657,0.0,0.23423423423423423,-0.004944785,-0.004944785,0.0,0.0,0.0,0.0,0.009009009009009009,0.009009009009009009,0.0,0.0,1015.0,0.009009009009009009,0.07967962554380657,0.014064998140054689,0.009009009009009009,36.009009009009006,2.9396867378140024,56.0,0.0,0.0,0.0,0.0,0.009009009009009009,0.009009009009009009,0.0
25.365659,224,10.265795,0,2.6921801204773255,-0.054025888442993164,0.042436838150024414,0.009603732790253856,1.0533612232068499,TakeoverPolicyWithoutBrake,right,False,False,True,"[-0.05402589, 0.04243684]","(-0.05402589, 0.04243684)",False,False,False,False,True,True,False,False,1021,True,0.25200967748550734,0.08655560672183306,1.0,38.0,25.36565878423893,224,False,False,0,0,1.0,1.0,0,0.0,1.365196444610912,-0.05267005254115377,0.040124599422727315,0.004702505460744863,0.35041049132000224,,,0.4017857142857143,0.0,0.5982142857142857,-0.0062727267,-0.0062727267,0.0,0.0,0.0,0.0,0.004464285714285714,0.004464285714285714,0.0,0.0,1021.0,0.004464285714285714,0.1366860199184127,0.03813644973719154,0.004464285714285714,37.004464285714285,10.530071924786983,112.5,0.0,0.0,0.0,0.0,0.004464285714285714,0.004464285714285714,0.0
3.795,111,10.529332,0,1.5468295885602616,-0.05420196056365967,0.044246792793273926,0.005278184927943796,0.2903140382509538,TakeoverPolicyWithoutBrake,right,False,False,True,"[-0.05420196, 0.044246793]","(-0.05420196, 0.044246793)",False,False,False,False,True,True,False,False,1007,True,0.15876851818270088,0.03263555410945896,1.0,39.0,3.7950003546822604,111,False,False,0,0,1.0,1.0,0,0.0,0.7860436685488609,-0.05578317298545494,0.045891221579130705,0.0026154417860446296,0.0968798882189002,,,0.7657657657657657,0.0,0.23423423423423423,-0.0049459757,-0.0049459757,0.0,0.0,0.0,0.0,0.009009009009009009,0.009009009009009009,0.0,0.0,1007.0,0.009009009009009009,0.0806645844402249,0.018986760664438336,0.009009009009009009,38.009009009009006,2.9763248214061564,56.0,0.0,0.0,0.0,0.0,0.009009009009009009,0.009009009009009009,0.0
25.369824,234,10.945683,0,2.5866327994776452,-0.05440413951873779,0.043158888816833496,0.009193248078624606,1.0507465024536355,TakeoverPolicyWithoutBrake,right,False,False,True,"[-0.05440414, 0.04315889]","(-0.05440414, 0.04315889)",False,False,False,False,True,True,False,False,1017,True,0.24183012469725879,0.09760649406423103,1.0,40.0,25.369824241261863,234,False,False,0,0,1.0,1.0,0,0.0,1.306780236797523,-0.05287633415980217,0.04035994028433775,0.004490369668605281,0.34914393393878856,,,0.4017094017094017,0.0,0.5982905982905983,-0.0062581967,-0.0062581967,0.0,0.0,0.0,0.0,0.004273504273504274,0.004273504273504274,0.0,0.0,1017.0,0.004273504273504274,0.13081903575196205,0.042965836091322665,0.004273504273504274,39.004273504273506,10.513705667868297,117.5,0.0,0.0,0.0,0.0,0.004273504273504274,0.004273504273504274,0.0
16.599869,178,11.162688,0,2.4118208049411587,-0.0569605827331543,0.04694497585296631,0.008508648140552726,0.7348202657722985,TakeoverPolicyWithoutBrake,forward,True,False,False,"[-0.056960583, 0.046944976]","(-0.056960583, 0.046944976)",False,False,False,False,True,True,False,False,1028,True,0.23626365504801647,0.11230448324951235,1.0,41.0,16.599868872946445,178,False,False,0,0,1.0,1.0,0,0.0,1.209107233105018,-0.05525226840812169,0.044163987207948494,0.004128203740293811,0.24268620875294128,,,1.0,0.0,0.0,-0.005544141,-0.005544141,0.0,0.0,0.0,0.0,0.0056179775280898875,0.0056179775280898875,0.0,0.0,1028.0,0.0056179775280898875,0.12267490184266551,0.05241992271683461,0.0056179775280898875,40.00561797752809,7.370643191482166,89.5,0.0,0.0,0.0,0.0,0.0056179775280898875,0.0056179775280898875,0.0
3.69344,112,11.300457,0,1.5540894572110011,-0.0551416277885437,0.05107378959655762,0.005300292620903772,0.28687310020196427,TakeoverPolicyWithoutBrake,left,False,True,False,"[-0.055141628, 0.05107379]","(-0.055141628, 0.05107379)",False,False,False,False,True,True,False,False,1035,True,0.15940200241096514,0.03643273977233169,1.0,42.0,3.6934396162327694,112,False,False,0,0,1.0,1.0,0,0.0,0.7703857821339132,-0.056023607296603065,0.047379917332104275,0.002561366966088966,0.09519847215896766,,,0.7678571428571429,0.23214285714285715,0.0,-0.004321845,-0.004321845,0.0,0.0,0.0,0.0,0.008928571428571428,0.008928571428571428,0.0,0.0,1035.0,0.008928571428571428,0.07904322873789048,0.02121757321352599,0.008928571428571428,41.00892857142857,2.9263277942212373,56.5,0.0,0.0,0.0,0.0,0.008928571428571428,0.008928571428571428,0.0
3.784106,110,11.54936,0,1.559721916668941,-0.054406583309173584,0.044374823570251465,0.005324180079700264,0.29009000884120234,TakeoverPolicyWithoutBrake,right,False,False,True,"[-0.054406583, 0.044374824]","(-0.054406583, 0.044374824)",False,False,False,False,True,True,False,False,1034,True,0.16007775436231492,0.025308033370377302,1.0,43.0,3.7841057898471178,110,False,False,0,0,1.0,1.0,0,0.0,0.7924382451624772,-0.05581009658900174,0.04590560414574363,0.002637181898556385,0.09680584799149418,,,0.7636363636363637,0.0,0.23636363636363636,-0.0049522463,-0.0049522463,0.0,0.0,0.0,0.0,0.00909090909090909,0.00909090909090909,0.0,0.0,1034.0,0.00909090909090909,0.081310759492813,0.014728380595738225,0.00909090909090909,42.00909090909091,2.97290523557366,55.5,0.0,0.0,0.0,0.0,0.00909090909090909,0.00909090909090909,0.0
16.885509,183,11.912767,0,2.312609297137825,-0.05321347713470459,0.041942715644836426,0.008132905219528494,0.7420551928059351,TakeoverPolicyWithoutBrake,right,False,False,True,"[-0.053213477, 0.041942716]","(-0.053213477, 0.041942716)",False,False,False,False,True,True,False,False,1018,True,0.2276156041418077,0.059694657906387616,1.0,44.0,16.88550897903529,183,False,False,0,0,1.0,1.0,0,0.0,1.1890642099311242,-0.05354377448233099,0.04202520195903674,0.004054946408775603,0.24817788052298453,,,0.47540983606557374,0.0,0.5245901639344263,-0.005759286,-0.005759286,0.0,0.0,0.0,0.0,0.00546448087431694,0.00546448087431694,0.0,0.0,1018.0,0.00546448087431694,0.12083674635615906,0.027963309054257916,0.00546448087431694,43.005464480874316,7.546960251559319,92.0,0.0,0.0,0.0,0.0,0.00546448087431694,0.00546448087431694,0.0
16.43345,178,12.140119,0,2.455630935168586,-0.056879520416259766,0.051735877990722656,0.00867497521100018,0.7293704661508917,TakeoverPolicyWithoutBrake,left,False,True,False,"[-0.05687952, 0.051735878]","(-0.05687952, 0.051735878)",False,False,False,False,True,True,False,False,1005,True,0.24078094528736022,0.07024290444685162,1.0,45.0,16.433449823173635,178,False,False,0,0,1.0,1.0,0,0.0,1.1999749390460062,-0.05518485990802893,0.046573079034183805,0.004097586888488156,0.23752719103622622,,,0.4943820224719101,0.5056179775280899,0.0,-0.0043058903,-0.0043058903,0.0,0.0,0.0,0.0,0.0056179775280898875,0.0056179775280898875,0.0,0.0,1005.0,0.0056179775280898875,0.12176534139584834,0.032583117776238915,0.0056179775280898875,44.00561797752809,7.21704973076812,89.5,0.0,0.0,0.0,0.0,0.0056179775280898875,0.0056179775280898875,0.0
3.669984,112,12.252008,0,1.5091527116395618,-0.053987205028533936,0.04390251636505127,0.005143162838672322,0.28585259915503625,TakeoverPolicyWithoutBrake,right,False,False,True,"[-0.053987205, 0.043902516]","(-0.053987205, 0.043902516)",False,False,False,False,True,True,False,False,1001,True,0.1549635657424171,0.04479390339557931,1.0,46.0,3.6699841495779317,112,False,False,0,0,1.0,1.0,0,0.0,0.7676309546586962,-0.05574731049793107,0.045824426625456126,0.002552255349598538,0.0954240272546025,,,0.7678571428571429,0.0,0.23214285714285715,-0.0049614417,-0.0049614417,0.0,0.0,0.0,0.0,0.008928571428571428,0.008928571428571428,0.0,0.0,1001.0,0.008928571428571428,0.07879417602964593,0.02616105815013437,0.008928571428571428,45.00892857142857,2.9334683175352887,56.5,0.0,0.0,0.0,0.0,0.008928571428571428,0.008928571428571428,0.0
24.74025,224,12.671961,0,2.671936706147044,-0.05747699737548828,0.04228663444519043,0.009525707672270064,1.0318621673963435,TakeoverPolicyWithoutBrake,right,False,False,True,"[-0.057476997, 0.042286634]","(-0.057476997, 0.042286634)",False,False,False,False,True,True,False,False,1040,True,0.24889352718938046,0.10006276955176387,1.0,47.0,24.740250206202155,224,False,False,0,0,1.0,1.0,0,0.0,1.3386222856241263,-0.05407657766980784,0.04119690933397838,0.00460652753301939,0.3411670585998293,,,0.4107142857142857,0.0,0.5892857142857143,-0.0064398344,-0.0064398344,0.0,0.0,0.0,0.0,0.004464285714285714,0.004464285714285714,0.0,0.0,1040.0,0.004464285714285714,0.1338801059526408,0.04410795754022072,0.004464285714285714,46.004464285714285,10.259909859697203,112.5,0.0,0.0,0.0,0.0,0.004464285714285714,0.004464285714285714,0.0
16.699208,184,13.116319,0,2.313997309199162,-0.05610173940658569,0.04476892948150635,0.00813697006478964,0.7360119379268282,TakeoverPolicyWithoutBrake,right,False,False,True,"[-0.05610174, 0.04476893]","(-0.05610174, 0.04476893)",False,False,False,False,True,True,False,False,1048,True,0.22708207053299778,0.0646119889772626,1.0,48.0,16.699208315099778,184,False,False,0,0,1.0,1.0,0,0.0,1.173514522107051,-0.05462034176225248,0.043158012887705925,0.00400006488003711,0.24458224226830913,,,0.483695652173913,0.0,0.5163043478260869,-0.005731164,-0.005731164,0.0,0.0,0.0,0.0,0.005434782608695652,0.005434782608695652,0.0,0.0,1048.0,0.005434782608695652,0.11916462166104762,0.030221111563199832,0.005434782608695652,47.005434782608695,7.440138012886084,92.5,0.0,0.0,0.0,0.0,0.005434782608695652,0.005434782608695652,0.0
3.747127,116,13.368582,0,1.463756413206444,-0.052569448947906494,0.04268300533294678,0.004982337621203047,0.2879261324135861,TakeoverPolicyWithoutBrake,right,False,False,True,"[-0.05256945, 0.042683005]","(-0.05256945, 0.042683005)",False,False,False,False,True,True,False,False,1003,True,0.15036284380083526,0.03118499603226009,1.0,49.0,3.7471271914133215,116,False,False,0,0,1.0,1.0,0,0.0,0.7468978311179109,-0.05557096929385744,0.045634052876768444,0.002482121831151604,0.09615609835694941,,,0.7672413793103449,0.0,0.23275862068965517,-0.0049684583,-0.0049684583,0.0,0.0,0.0,0.0,0.008620689655172414,0.008620689655172414,0.0,0.0,1003.0,0.008620689655172414,0.0767025003035703,0.01817449487580436,0.008620689655172414,48.008620689655174,2.960032724624517,58.5,0.0,0.0,0.0,0.0,0.008620689655172414,0.008620689655172414,0.0
3.755678,116,13.63016,0,1.4605487902701477,-0.05221611261367798,0.042008399963378906,0.004971149155225712,0.28818761010757915,TakeoverPolicyWithoutBrake,right,False,False,True,"[-0.052216113, 0.0420084]","(-0.052216113, 0.0420084)",False,False,False,False,True,True,False,False,1046,True,0.15005467780816878,0.02428082808963071,1.0,50.0,3.7556779881057167,116,False,False,0,0,1.0,1.0,0,0.0,0.7475427939851906,-0.055421097011401736,0.045448457372599636,0.0024843759492032685,0.09631782396267442,,,0.7672413793103449,0.0,0.23275862068965517,-0.00498632,-0.00498632,0.0,0.0,0.0,0.0,0.008620689655172414,0.008620689655172414,0.0,0.0,1046.0,0.008620689655172414,0.07677355746477486,0.01415103126646597,0.008620689655172414,49.008620689655174,2.9650028679960716,58.5,0.0,0.0,0.0,0.0,0.008620689655172414,0.008620689655172414,0.0
16.449494,185,14.554656,0,2.301965869061688,-0.05700254440307617,0.046820640563964844,0.008090443189767017,0.7272884769934557,TakeoverPolicyWithoutBrake,forward,True,False,False,"[-0.057002544, 0.04682064]","(-0.057002544, 0.04682064)",False,False,False,False,True,True,False,False,1037,True,0.22570804379847292,0.07383594420781249,1.0,51.0,16.44949430317369,185,False,False,0,0,1.0,1.0,0,0.0,1.1541085643352211,-0.055263269591975854,0.04414037111643199,0.003931289064829489,0.240306967428741,,,1.0,0.0,0.0,-0.005561449,-0.005561449,0.0,0.0,0.0,0.0,0.005405405405405406,0.005405405405405406,0.0,0.0,1037.0,0.005405405405405406,0.11716325592957923,0.03451334386955571,0.005405405405405406,50.005405405405405,7.314727180154684,93.0,0.0,0.0,0.0,0.0,0.005405405405405406,0.005405405405405406,0.0
3.631325,112,14.726933,0,1.5412533082861068,-0.055203914642333984,0.05082106590270996,0.005254195906092172,0.28472577416845446,TakeoverPolicyWithoutBrake,left,False,True,False,"[-0.055203915, 0.050821066]","(-0.055203915, 0.050821066)",False,False,False,False,True,True,False,False,1020,True,0.1581073241524242,0.0528958424597387,1.0,52.0,3.631325379647148,112,False,False,0,0,1.0,1.0,0,0.0,0.7648225565171234,-0.05605270979659898,0.04730872703450067,0.002542194412218343,0.09452120340184209,,,0.7767857142857143,0.22321428571428573,0.0,-0.0043719914,-0.0043719914,0.0,0.0,0.0,0.0,0.008928571428571428,0.008928571428571428,0.0,0.0,1020.0,0.008928571428571428,0.0784770777124962,0.030867278843005993,0.008928571428571428,51.00892857142857,2.9058439680371273,56.5,0.0,0.0,0.0,0.0,0.008928571428571428,0.008928571428571428,0.0
3.664105,111,14.830514,0,1.5647249222429733,-0.05571699142456055,0.05140423774719238,0.00533801081183424,0.28602103097572934,TakeoverPolicyWithoutBrake,left,False,True,False,"[-0.05571699, 0.051404238]","(-0.05571699, 0.051404238)",False,False,False,False,True,True,False,False,1014,True,0.16046838617353087,0.05297983109261582,1.0,53.0,3.6641051317640905,111,False,False,0,0,1.0,1.0,0,0.0,0.7749525059593291,-0.056158773533932796,0.047437911635046605,0.002576766044826391,0.09490296892698175,,,0.7747747747747747,0.22522522522522523,0.0,-0.004360431,-0.004360431,0.0,0.0,0.0,0.0,0.009009009009009009,0.009009009009009009,0.0,0.0,1014.0,0.009009009009009009,0.07950066232376235,0.030879835541642923,0.009009009009009009,52.009009009009006,2.9162275115782736,56.0,0.0,0.0,0.0,0.0,0.009009009009009009,0.009009009009009009,0.0
3.755677,116,15.008677,0,1.4605484186995994,-0.05221611261367798,0.042008399963378906,0.004971148782510548,0.2881875751932827,TakeoverPolicyWithoutBrake,right,False,False,True,"[-0.052216113, 0.0420084]","(-0.052216113, 0.0420084)",False,False,False,False,True,True,False,False,1046,True,0.15005467613610132,0.02428082637634035,1.0,54.0,3.7556770188915607,116,False,False,0,0,1.0,1.0,0,0.0,0.7475427610121919,-0.055421024560928345,0.045448401878620016,0.002484375648217954,0.09631781917288823,,,0.7672413793103449,0.0,0.23275862068965517,-0.0049863113,-0.0049863113,0.0,0.0,0.0,0.0,0.008620689655172414,0.008620689655172414,0.0,0.0,1046.0,0.008620689655172414,0.07677354909506602,0.014151031015380313,0.008620689655172414,53.008620689655174,2.9650027339461604,58.5,0.0,0.0,0.0,0.0,0.008620689655172414,0.008620689655172414,0.0
3.619252,113,15.218479,0,1.4992279433765328,-0.05548638105392456,0.04614603519439697,0.005106412829299466,0.2840458074293602,TakeoverPolicyWithoutBrake,forward,True,False,False,"[-0.05548638, 0.046146035]","(-0.05548638, 0.046146035)",False,False,False,False,True,True,False,False,1022,True,0.1538860750005655,0.0320384845645692,1.0,55.0,3.619251789726002,113,False,False,0,0,1.0,1.0,0,0.0,0.7563805925103436,-0.05609166885899231,0.046302321737846444,0.002513679711764249,0.0946522042162228,,,1.0,0.0,0.0,-0.0048946734,-0.0048946734,0.0,0.0,0.0,0.0,0.008849557522123894,0.008849557522123894,0.0,0.0,1022.0,0.008849557522123894,0.07763838818342098,0.01872862590226997,0.008849557522123894,54.008849557522126,2.9110877638431196,57.0,0.0,0.0,0.0,0.0,0.008849557522123894,0.008849557522123894,0.0
3.616454,110,15.434251,0,1.5411373217313626,-0.05550217628479004,0.04621386528015137,0.005256023020418473,0.28437820559591426,TakeoverPolicyWithoutBrake,forward,True,False,False,"[-0.055502176, 0.046213865]","(-0.055502176, 0.046213865)",False,False,False,False,True,True,False,False,1013,True,0.1581583006260138,0.04023768497764234,1.0,56.0,3.616453804442184,110,False,False,0,0,1.0,1.0,0,0.0,0.7774288730120246,-0.05609762614423579,0.04633209271864457,0.002585256414508311,0.09475422130610382,,,1.0,0.0,0.0,-0.004882767,-0.004882767,0.0,0.0,0.0,0.0,0.00909090909090909,0.00909090909090909,0.0,0.0,1013.0,0.00909090909090909,0.07976920095516543,0.023521971276339756,0.00909090909090909,55.00909090909091,2.9107821012253217,55.5,0.0,0.0,0.0,0.0,0.00909090909090909,0.00909090909090909,0.0
16.457167,178,15.670001,0,2.383411454800601,-0.056972503662109375,0.04696798324584961,0.00840001211648474,0.7297151482904877,TakeoverPolicyWithoutBrake,forward,True,False,False,"[-0.056972504, 0.046967983]","(-0.056972504, 0.046967983)",False,False,False,False,True,True,False,False,1036,True,0.2333358251794152,0.09518864926255684,1.0,57.0,16.45716730943508,178,False,False,0,0,1.0,1.0,0,0.0,1.2014593999264194,-0.05574222059732073,0.04437726468182682,0.00409952330500274,0.24232026250296887,,,1.0,0.0,0.0,-0.0056824777,-0.0056824777,0.0,0.0,0.0,0.0,0.0056179775280898875,0.0056179775280898875,0.0,0.0,1036.0,0.0056179775280898875,0.12185675918322754,0.04463766453255251,0.0056179775280898875,56.00561797752809,7.361080514077447,89.5,0.0,0.0,0.0,0.0,0.0056179775280898875,0.0056179775280898875,0.0
24.834063,224,16.055337,0,2.6837509596971736,-0.05770421028137207,0.04571378231048584,0.009569125082417246,1.0353604678286281,TakeoverPolicyWithoutBrake,right,False,False,True,"[-0.05770421, 0.045713782]","(-0.05770421, 0.045713782)",False,False,False,False,True,True,False,False,1011,True,0.24992325383035602,0.0983495400201083,1.0,58.0,24.834062564109686,224,False,False,0,0,1.0,1.0,0,0.0,1.3428240664727096,-0.05397199200732367,0.04133050463029316,0.004622144945663516,0.3419913582643375,,,0.4107142857142857,0.0,0.5892857142857143,-0.006320744,-0.006320744,0.0,0.0,0.0,0.0,0.004464285714285714,0.004464285714285714,0.0,0.0,1011.0,0.004464285714285714,0.13430350811580374,0.04329958398332319,0.004464285714285714,57.004464285714285,10.282634952733138,112.5,0.0,0.0,0.0,0.0,0.004464285714285714,0.004464285714285714,0.0
16.885507,183,16.356548,0,2.3126090724445802,-0.05321347713470459,0.041942715644836426,0.008132904804462215,0.7420551280180117,TakeoverPolicyWithoutBrake,right,False,False,True,"[-0.053213477, 0.041942716]","(-0.053213477, 0.041942716)",False,False,False,False,True,True,False,False,1018,True,0.22761560313068813,0.059694653549655835,1.0,59.0,16.885507074242504,183,False,False,0,0,1.0,1.0,0,0.0,1.1890642118069095,-0.0535437722023719,0.04202520391328739,0.004054946054743233,0.24817785172803303,,,0.47540983606557374,0.0,0.5245901639344263,-0.0057592844,-0.0057592844,0.0,0.0,0.0,0.0,0.00546448087431694,0.00546448087431694,0.0,0.0,1018.0,0.00546448087431694,0.12083673594192997,0.027963307066350248,0.00546448087431694,58.005464480874316,7.546959371294544,92.0,0.0,0.0,0.0,0.0,0.00546448087431694,0.00546448087431694,0.0
16.938672,186,16.635375,0,2.284355757711885,-0.053353726863861084,0.04235672950744629,0.00802577274165619,0.7433031777350609,TakeoverPolicyWithoutBrake,right,False,False,True,"[-0.053353727, 0.04235673]","(-0.053353727, 0.04235673)",False,False,False,False,True,True,False,False,1008,True,0.22474188118314098,0.0698230951263785,1.0,60.0,16.93867216250419,186,False,False,0,0,1.0,1.0,0,0.0,1.1725819316229278,-0.05360104351915339,0.042166574026948664,0.003996253643736886,0.24841698992503952,,,0.478494623655914,0.0,0.521505376344086,-0.005717235,-0.005717235,0.0,0.0,0.0,0.0,0.005376344086021506,0.005376344086021506,0.0,0.0,1008.0,0.005376344086021506,0.11915814001982439,0.03267682386136932,0.005376344086021506,59.005376344086024,7.558753034616693,93.5,0.0,0.0,0.0,0.0,0.005376344086021506,0.005376344086021506,0.0
3.795001,111,16.786667,0,1.5468292421381826,-0.05420196056365967,0.044246792793273926,0.005278184862118522,0.2903140704976477,TakeoverPolicyWithoutBrake,right,False,False,True,"[-0.05420196, 0.044246793]","(-0.05420196, 0.044246793)",False,False,False,False,True,True,False,False,1007,True,0.1587685166238015,0.032635556404523355,1.0,61.0,3.7950012969696054,111,False,False,0,0,1.0,1.0,0,0.0,0.7860436426312019,-0.05578317298545494,0.045891221579130705,0.002615442076555385,0.09687989272328741,,,0.7657657657657657,0.0,0.23423423423423423,-0.0049459757,-0.0049459757,0.0,0.0,0.0,0.0,0.009009009009009009,0.009009009009009009,0.0,0.0,1007.0,0.009009009009009009,0.0806645929152559,0.018986760995258423,0.009009009009009009,60.009009009009006,2.976324951823894,56.0,0.0,0.0,0.0,0.0,0.009009009009009009,0.009009009009009009,0.0
17.002239,186,17.0596,0,2.295422631032202,-0.05350780487060547,0.042731642723083496,0.008067622743115078,0.745746543614015,TakeoverPolicyWithoutBrake,right,False,False,True,"[-0.053507805, 0.042731643]","(-0.053507805, 0.042731643)",False,False,False,False,True,True,False,False,1033,True,0.22570720945683242,0.06920303972767342,1.0,62.0,17.002238998926565,186,False,False,0,0,1.0,1.0,0,0.0,1.176203933271257,-0.053656019510761384,0.042299334079988544,0.004009390019430188,0.24903833828011407,,,0.478494623655914,0.0,0.521505376344086,-0.0056783427,-0.0056783427,0.0,0.0,0.0,0.0,0.005376344086021506,0.005376344086021506,0.0,0.0,1033.0,0.005376344086021506,0.11950508714184623,0.03235479447244364,0.005376344086021506,61.005376344086024,7.5762472307408775,93.5,0.0,0.0,0.0,0.0,0.005376344086021506,0.005376344086021506,0.0
24.585963,219,17.307461,0,2.8276978991916355,-0.058075129985809326,0.05174398422241211,0.010132224069328882,1.0302414823005115,TakeoverPolicyWithoutBrake,left,False,True,False,"[-0.05807513, 0.051743984]","(-0.05807513, 0.051743984)",False,False,False,False,True,True,False,False,1032,True,0.26306033390573735,0.12194132063652167,1.0,63.0,24.58596339726715,219,False,False,0,0,1.0,1.0,0,0.0,1.3638828882775256,-0.05444376027747376,0.04511882507637756,0.00470429900593841,0.3326261203550964,,,0.4200913242009132,0.5799086757990868,0.0,-0.0046624676,-0.0046624676,0.0,0.0,0.0,0.0,0.0045662100456621,0.0045662100456621,0.0,0.0,1032.0,0.0045662100456621,0.1362969120144881,0.05303059427729351,0.0045662100456621,62.00456621004566,9.989928610055673,110.0,0.0,0.0,0.0,0.0,0.0045662100456621,0.0045662100456621,0.0
3.78301,111,17.44116,0,1.5431766371680609,-0.05399489402770996,0.043965697288513184,0.005265158443127763,0.2898910372190827,TakeoverPolicyWithoutBrake,right,False,False,True,"[-0.053994894, 0.043965697]","(-0.053994894, 0.043965697)",False,False,False,False,True,True,False,False,1016,True,0.1584068497988969,0.04380505347115953,1.0,64.0,3.7830095904282235,111,False,False,0,0,1.0,1.0,0,0.0,0.7849354123020942,-0.055743568115406206,0.04583432115950026,0.002611630965937682,0.0967607848803646,,,0.7657657657657657,0.0,0.23423423423423423,-0.0049546235,-0.0049546235,0.0,0.0,0.0,0.0,0.009009009009009009,0.009009009009009009,0.0,0.0,1016.0,0.009009009009009009,0.0805533012633074,0.025496082140719002,0.009009009009009009,63.009009009009006,2.972741654547636,56.0,0.0,0.0,0.0,0.0,0.009009009009009009,0.009009009009009009,0.0
3.783011,111,17.576442,0,1.5431763993017895,-0.05399489402770996,0.043965697288513184,0.0052651583980412335,0.2898910698252492,TakeoverPolicyWithoutBrake,right,False,False,True,"[-0.053994894, 0.043965697]","(-0.053994894, 0.043965697)",False,False,False,False,True,True,False,False,1016,True,0.15840684872849867,0.043805056554390945,1.0,65.0,3.7830105764222424,111,False,False,0,0,1.0,1.0,0,0.0,0.7849354748632549,-0.055743570263321336,0.045834322233457826,0.002611631259686929,0.09676080212293732,,,0.7657657657657657,0.0,0.23423423423423423,-0.0049546235,-0.0049546235,0.0,0.0,0.0,0.0,0.009009009009009009,0.009009009009009009,0.0,0.0,1016.0,0.009009009009009009,0.08055331013649313,0.025496083779553716,0.009009009009009009,64.009009009009,2.9727421774750225,56.0,0.0,0.0,0.0,0.0,0.009009009009009009,0.009009009009009009,0.0
24.834047,224,17.864189,0,2.683745304423461,-0.0577048659324646,0.0457148551940918,0.009569124716841388,1.0353599407115799,TakeoverPolicyWithoutBrake,right,False,False,True,"[-0.057704866, 0.045714855]","(-0.057704866, 0.045714855)",False,False,False,False,True,True,False,False,1011,True,0.24992322838162434,0.09834949552926227,1.0,66.0,24.83404694035286,224,False,False,0,0,1.0,1.0,0,0.0,1.3428236791547659,-0.05397205560335091,0.0413304620555469,0.004622142592462409,0.34199123062811015,,,0.4107142857142857,0.0,0.5892857142857143,-0.006320797,-0.006320797,0.0,0.0,0.0,0.0,0.004464285714285714,0.004464285714285714,0.0,0.0,1011.0,0.004464285714285714,0.13430343825327898,0.0432995733571613,0.004464285714285714,65.00446428571429,10.282631250831372,112.5,0.0,0.0,0.0,0.0,0.004464285714285714,0.004464285714285714,0.0
3.685699,116,17.996426,0,1.4709194886873027,-0.05550193786621094,0.046181678771972656,0.005005796885005486,0.2859235632175881,TakeoverPolicyWithoutBrake,forward,True,False,False,"[-0.055501938, 0.04618168]","(-0.055501938, 0.04618168)",False,False,False,False,True,True,False,False,1002,True,0.15098349469372177,0.03410277000175775,1.0,67.0,3.6856992150758625,116,False,False,0,0,1.0,1.0,0,0.0,0.7419374419891163,-0.056092344995202686,0.046297239846196665,0.002464858303599898,0.09527162219593122,,,1.0,0.0,0.0,-0.0048975525,-0.0048975525,0.0,0.0,0.0,0.0,0.008620689655172414,0.008620689655172414,0.0,0.0,1002.0,0.008620689655172414,0.07617829922215162,0.019895662106930726,0.008620689655172414,66.00862068965517,2.933080189331941,58.5,0.0,0.0,0.0,0.0,0.008620689655172414,0.008620689655172414,0.0
16.699206,184,18.293328,0,2.3139961895355974,-0.05610173940658569,0.04476892948150635,0.008136970809221744,0.7360118759717744,TakeoverPolicyWithoutBrake,right,False,False,True,"[-0.05610174, 0.04476893]","(-0.05610174, 0.04476893)",False,False,False,False,True,True,False,False,1048,True,0.22708206549451176,0.06461198422906798,1.0,68.0,16.699206423471324,184,False,False,0,0,1.0,1.0,0,0.0,1.1735145350076572,-0.054620342086190765,0.04315801742284194,0.00400006454332486,0.2445822509996893,,,0.483695652173913,0.0,0.5163043478260869,-0.005731162,-0.005731162,0.0,0.0,0.0,0.0,0.005434782608695652,0.005434782608695652,0.0,0.0,1048.0,0.005434782608695652,0.11916461135307517,0.030221112085759297,0.005434782608695652,67.0054347826087,7.440138230073404,92.5,0.0,0.0,0.0,0.0,0.005434782608695652,0.005434782608695652,0.0
24.722674,215,18.673222,0,2.9029858982134313,-0.057830870151519775,0.05234122276306152,0.010429264995690827,1.0370573339792817,TakeoverPolicyWithoutBrake,left,False,True,False,"[-0.05783087, 0.052341223]","(-0.05783087, 0.052341223)",False,False,False,False,True,True,False,False,1027,True,0.2700405178407886,0.10126036194644943,1.0,69.0,24.722674074350905,215,False,False,0,0,1.0,1.0,0,0.0,1.3961995996894165,-0.05428330731946369,0.04555901593940202,0.004823522483624567,0.33385361273902225,,,0.4232558139534884,0.5767441860465117,0.0,-0.004362146,-0.004362146,0.0,0.0,0.0,0.0,0.004651162790697674,0.004651162790697674,0.0,0.0,1027.0,0.004651162790697674,0.1395009981032172,0.043927324543628826,0.004651162790697674,68.0046511627907,10.013856525306064,108.0,0.0,0.0,0.0,0.0,0.004651162790697674,0.004651162790697674,0.0
3.616452,110,18.804367,0,1.5411368368189975,-0.05550217628479004,0.04621386528015137,0.005256022928664893,0.28437813778738813,TakeoverPolicyWithoutBrake,forward,True,False,False,"[-0.055502176, 0.046213865]","(-0.055502176, 0.046213865)",False,False,False,False,True,True,False,False,1013,True,0.15815829844390814,0.040237679245862884,1.0,70.0,3.616451810359841,110,False,False,0,0,1.0,1.0,0,0.0,0.7774286933841127,-0.05609762506051497,0.04633209163492376,0.002585255798067165,0.09475420948261015,,,1.0,0.0,0.0,-0.004882767,-0.004882767,0.0,0.0,0.0,0.0,0.00909090909090909,0.00909090909090909,0.0,0.0,1013.0,0.00909090909090909,0.07976918280730678,0.023521970273278348,0.00909090909090909,69.00909090909092,2.910781748933549,55.5,0.0,0.0,0.0,0.0,0.00909090909090909,0.00909090909090909,0.0
3.754541,116,18.931248,0,1.4620431509873235,-0.052407026290893555,0.042449355125427246,0.004976226706879808,0.2881532604865171,TakeoverPolicyWithoutBrake,right,False,False,True,"[-0.052407026, 0.042449355]","(-0.052407026, 0.042449355)",False,False,False,False,True,True,False,False,1049,True,0.1502006388815914,0.038101486822028165,1.0,71.0,3.75454062912687,116,False,False,0,0,1.0,1.0,0,0.0,0.7474650456864105,-0.05540083862584213,0.04550229886482502,0.002484079831780321,0.09629733463403768,,,0.7672413793103449,0.0,0.23275862068965517,-0.00494927,-0.00494927,0.0,0.0,0.0,0.0,0.008620689655172414,0.008620689655172414,0.0,0.0,1049.0,0.008620689655172414,0.07676501093110742,0.022205726746840616,0.008620689655172414,70.00862068965517,2.9643925832553917,58.5,0.0,0.0,0.0,0.0,0.008620689655172414,0.008620689655172414,0.0
25.369829,234,19.239832,0,2.5866341322547295,-0.05440413951873779,0.04315900802612305,0.009193249475839098,1.0507470091525144,TakeoverPolicyWithoutBrake,right,False,False,True,"[-0.05440414, 0.043159008]","(-0.05440414, 0.043159008)",False,False,False,False,True,True,False,False,1017,True,0.24183013069475567,0.09760650494001721,1.0,72.0,25.369828794159876,234,False,False,0,0,1.0,1.0,0,0.0,1.3067809435385096,-0.05287630130083133,0.04035997136026366,0.004490371833985103,0.34914402001329353,,,0.4017094017094017,0.0,0.5982905982905983,-0.0062581645,-0.0062581645,0.0,0.0,0.0,0.0,0.004273504273504274,0.004273504273504274,0.0,0.0,1017.0,0.004273504273504274,0.13081905523442156,0.04296583652124156,0.004273504273504274,71.0042735042735,10.513705992057355,117.5,0.0,0.0,0.0,0.0,0.004273504273504274,0.004273504273504274,0.0
3.755679,116,19.429852,0,1.4605491831928488,-0.05221611261367798,0.04200851917266846,0.004971150756647984,0.288187659742853,TakeoverPolicyWithoutBrake,right,False,False,True,"[-0.052216113, 0.04200852]","(-0.052216113, 0.04200852)",False,False,False,False,True,True,False,False,1046,True,0.15005467957632096,0.02428082980292107,1.0,73.0,3.7556790256746453,116,False,False,0,0,1.0,1.0,0,0.0,0.7475429580901083,-0.05542107080591136,0.045448478953591706,0.0024843763770935607,0.0963178277058066,,,0.7672413793103449,0.0,0.23275862068965517,-0.004986296,-0.004986296,0.0,0.0,0.0,0.0,0.008620689655172414,0.008620689655172414,0.0,0.0,1046.0,0.008620689655172414,0.0767735664245773,0.014151031384623926,0.008620689655172414,72.00862068965517,2.9650029491634573,58.5,0.0,0.0,0.0,0.0,0.008620689655172414,0.008620689655172414,0.0
3.783011,111,19.571244,0,1.5431762792202761,-0.05399489402770996,0.043965697288513184,0.005265158375280299,0.28989106815953886,TakeoverPolicyWithoutBrake,right,False,False,True,"[-0.053994894, 0.043965697]","(-0.053994894, 0.043965697)",False,False,False,False,True,True,False,False,1016,True,0.15840684818813186,0.043805056554390945,1.0,74.0,3.7830105397594327,111,False,False,0,0,1.0,1.0,0,0.0,0.7849354003824248,-0.055743569726342555,0.04583432330741539,0.0026116312446805303,0.09676080190889351,,,0.7657657657657657,0.0,0.23423423423423423,-0.004954623,-0.004954623,0.0,0.0,0.0,0.0,0.009009009009009009,0.009009009009009009,0.0,0.0,1016.0,0.009009009009009009,0.08055330980132941,0.025496083779553716,0.009009009009009009,73.009009009009,2.9727421737816413,56.0,0.0,0.0,0.0,0.0,0.009009009009009009,0.009009009009009009,0.0
3.664106,111,19.679215,0,1.5647257601054314,-0.05571699142456055,0.05140423774719238,0.005338011912299233,0.2860210713926288,TakeoverPolicyWithoutBrake,left,False,True,False,"[-0.05571699, 0.051404238]","(-0.05571699, 0.051404238)",False,False,False,False,True,True,False,False,1014,True,0.16046838994391194,0.052979834852657615,1.0,75.0,3.664106134744559,111,False,False,0,0,1.0,1.0,0,0.0,0.7749526122186451,-0.05615877407091158,0.047437911635046605,0.0025767664089426014,0.09490298637254418,,,0.7747747747747747,0.22522522522522523,0.0,-0.0043604313,-0.0043604313,0.0,0.0,0.0,0.0,0.009009009009009009,0.009009009009009009,0.0,0.0,1014.0,0.009009009009009009,0.0795006713935898,0.030879837540223706,0.009009009009009009,74.009009009009,2.9162280325973136,56.0,0.0,0.0,0.0,0.0,0.009009009009009009,0.009009009009009009,0.0
16.58367,182,19.930015,0,2.356001412122408,-0.05699044466018677,0.04695785045623779,0.00829581336819423,0.7330932854638303,TakeoverPolicyWithoutBrake,forward,True,False,False,"[-0.056990445, 0.04695785]","(-0.056990445, 0.04695785)",False,False,False,False,True,True,False,False,1006,True,0.23082066480181646,0.05926911523024575,1.0,76.0,16.583670028274963,182,False,False,0,0,1.0,1.0,0,0.0,1.181123187380317,-0.05526294976800353,0.044148724812727705,0.0040279850849661005,0.24217851956619393,,,1.0,0.0,0.0,-0.005557113,-0.005557113,0.0,0.0,0.0,0.0,0.005494505494505495,0.005494505494505495,0.0,0.0,1006.0,0.005494505494505495,0.11985983897294937,0.027669537416212392,0.005494505494505495,75.00549450549451,7.363373866661467,91.5,0.0,0.0,0.0,0.0,0.005494505494505495,0.005494505494505495,0.0
24.797865,219,20.208416,0,2.777135284528987,-0.05813223123550415,0.04769718647003174,0.00993372203398468,1.0373907083654097,TakeoverPolicyWithoutBrake,forward,True,False,False,"[-0.05813223, 0.047697186]","(-0.05813223, 0.047697186)",False,False,False,False,True,True,False,False,1029,True,0.2578317340245211,0.12768842237079003,1.0,77.0,24.79786522752381,219,False,False,0,0,1.0,1.0,0,0.0,1.3739398597788046,-0.054509726017033126,0.04232556525975058,0.004736943873814659,0.34060960137831087,,,1.0,0.0,0.0,-0.0060920804,-0.0060920804,0.0,0.0,0.0,0.0,0.0045662100456621,0.0045662100456621,0.0,0.0,1029.0,0.0045662100456621,0.1372406253951979,0.056054905568569485,0.0045662100456621,76.00456621004567,10.224556610176185,110.0,0.0,0.0,0.0,0.0,0.0045662100456621,0.0045662100456621,0.0
16.885507,183,20.514135,0,2.312609277206124,-0.05321347713470459,0.041942715644836426,0.008132905213692799,0.7420551369024672,TakeoverPolicyWithoutBrake,right,False,False,True,"[-0.053213477, 0.041942716]","(-0.053213477, 0.041942716)",False,False,False,False,True,True,False,False,1018,True,0.22761560405211506,0.059694653549655835,1.0,78.0,16.885507096244215,183,False,False,0,0,1.0,1.0,0,0.0,1.1890642396431441,-0.05354377480803943,0.04202520521612115,0.004054946103292169,0.24817783901753976,,,0.47540983606557374,0.0,0.5245901639344263,-0.005759285,-0.005759285,0.0,0.0,0.0,0.0,0.00546448087431694,0.00546448087431694,0.0,0.0,1018.0,0.00546448087431694,0.12083673606719302,0.027963306179529163,0.00546448087431694,77.00546448087432,7.546958967951081,92.0,0.0,0.0,0.0,0.0,0.00546448087431694,0.00546448087431694,0.0
3.693437,112,20.658331,0,1.554089092368304,-0.0551416277885437,0.05107378959655762,0.005300292551287942,0.28687299840353564,TakeoverPolicyWithoutBrake,left,False,True,False,"[-0.055141628, 0.05107379]","(-0.055141628, 0.05107379)",False,False,False,False,True,True,False,False,1035,True,0.159402000769173,0.036432732030909104,1.0,79.0,3.6934366632107913,112,False,False,0,0,1.0,1.0,0,0.0,0.7703855963386307,-0.05602360942534038,0.04737991626773562,0.0025613660571744265,0.09519846921600557,,,0.7678571428571429,0.23214285714285715,0.0,-0.0043218466,-0.0043218466,0.0,0.0,0.0,0.0,0.008928571428571428,0.008928571428571428,0.0,0.0,1035.0,0.008928571428571428,0.07904320235696395,0.021217573075286298,0.008928571428571428,78.00892857142857,2.926327722627957,56.5,0.0,0.0,0.0,0.0,0.008928571428571428,0.008928571428571428,0.0
25.367612,224,21.075865,0,2.6936552773721254,-0.0540429949760437,0.04247546195983887,0.00960945636795313,1.0534674027194175,TakeoverPolicyWithoutBrake,right,False,False,True,"[-0.054042995, 0.042475462]","(-0.054042995, 0.042475462)",False,False,False,False,True,True,False,False,1045,True,0.25213838600403393,0.07872383768487559,1.0,80.0,25.36761164052384,224,False,False,0,0,1.0,1.0,0,0.0,1.3653011585195023,-0.0526717480804239,0.04017130498375211,0.004702979476425972,0.35031919917236365,,,0.4017857142857143,0.0,0.5982142857142857,-0.0062502217,-0.0062502217,0.0,0.0,0.0,0.0,0.004464285714285714,0.004464285714285714,0.0,0.0,1045.0,0.004464285714285714,0.1366953126184281,0.03467762793632895,0.004464285714285714,79.00446428571429,10.527278943755757,112.5,0.0,0.0,0.0,0.0,0.004464285714285714,0.004464285714285714,0.0
24.726711,227,21.409931,0,2.6692898786575787,-0.05814427137374878,0.0475691556930542,0.00951238090174546,1.0318194161139915,TakeoverPolicyWithoutBrake,forward,True,False,False,"[-0.05814427, 0.047569156]","(-0.05814427, 0.047569156)",False,False,False,False,True,True,False,False,1009,True,0.24794701563559973,0.09523588561154442,1.0,81.0,24.726710948852137,227,False,False,0,0,1.0,1.0,0,0.0,1.3214377869319733,-0.054531082970455357,0.042268018890582515,0.004545459982881021,0.33903147340318607,,,1.0,0.0,0.0,-0.0061315326,-0.0061315326,0.0,0.0,0.0,0.0,0.004405286343612335,0.004405286343612335,0.0,0.0,1009.0,0.004405286343612335,0.1320469513854085,0.04182999107200124,0.004405286343612335,80.00440528634361,10.197941104896133,114.0,0.0,0.0,0.0,0.0,0.004405286343612335,0.004405286343612335,0.0
24.726711,227,21.652455,0,2.6692899739605656,-0.058144211769104004,0.0475691556930542,0.009512373929844685,1.0318193576008392,TakeoverPolicyWithoutBrake,forward,True,False,False,"[-0.05814421, 0.047569156]","(-0.05814421, 0.047569156)",False,False,False,False,True,True,False,False,1009,True,0.24794701606446318,0.09523588561154442,1.0,82.0,24.72671082729644,227,False,False,0,0,1.0,1.0,0,0.0,1.3214376683545648,-0.054531084020757466,0.0422680167899783,0.00454545972511383,0.33903143162608745,,,1.0,0.0,0.0,-0.0061315335,-0.0061315335,0.0,0.0,0.0,0.0,0.004405286343612335,0.004405286343612335,0.0,0.0,1009.0,0.004405286343612335,0.13204695085181015,0.041829988049623505,0.004405286343612335,81.00440528634361,10.197939998447666,114.0,0.0,0.0,0.0,0.0,0.004405286343612335,0.004405286343612335,0.0
24.722685,215,21.962268,0,2.902983458848908,-0.057830810546875,0.05234110355377197,0.010429249617450226,1.0370572735021226,TakeoverPolicyWithoutBrake,left,False,True,False,"[-0.05783081, 0.052341104]","(-0.05783081, 0.052341104)",False,False,False,False,True,True,False,False,1027,True,0.2700405068636482,0.10126039639257677,1.0,83.0,24.722685431465365,215,False,False,0,0,1.0,1.0,0,0.0,1.3961994984444805,-0.05428330426992372,0.045559004295703975,0.004823522202335453,0.33385361509519745,,,0.4232558139534884,0.5767441860465117,0.0,-0.0043621496,-0.0043621496,0.0,0.0,0.0,0.0,0.004651162790697674,0.004651162790697674,0.0,0.0,1027.0,0.004651162790697674,0.13950105087594894,0.04392732812842928,0.004651162790697674,82.0046511627907,10.013857728098484,108.0,0.0,0.0,0.0,0.0,0.004651162790697674,0.004651162790697674,0.0
3.708841,113,22.112179,0,1.4955849682923004,-0.052552103996276855,0.042687058448791504,0.005095496761132348,0.2870025140341239,TakeoverPolicyWithoutBrake,right,False,False,True,"[-0.052552104, 0.04268706]","(-0.052552104, 0.04268706)",False,False,False,False,True,True,False,False,1038,True,0.15362744833631925,0.03239657751277649,1.0,84.0,3.7088411116358575,113,False,False,0,0,1.0,1.0,0,0.0,0.7639181325407701,-0.05544196662649644,0.04557714525577242,0.0025398452569391503,0.0958887071288094,,,0.7699115044247787,0.0,0.23008849557522124,-0.004932411,-0.004932411,0.0,0.0,0.0,0.0,0.008849557522123894,0.008849557522123894,0.0,0.0,1038.0,0.008849557522123894,0.07842892530948829,0.018904317905747148,0.008849557522123894,83.00884955752213,2.948730950208527,57.0,0.0,0.0,0.0,0.0,0.008849557522123894,0.008849557522123894,0.0
3.669985,112,22.229363,0,1.5091529449999803,-0.053987205028533936,0.04390251636505127,0.00514316257376623,0.28585263229140945,TakeoverPolicyWithoutBrake,right,False,False,True,"[-0.053987205, 0.043902516]","(-0.053987205, 0.043902516)",False,False,False,False,True,True,False,False,1001,True,0.15496356679253898,0.04479390657451956,1.0,85.0,3.6699851448642224,112,False,False,0,0,1.0,1.0,0,0.0,0.7676310393057203,-0.05574731049793107,0.045824424496718814,0.0025522556454590124,0.09542404340940272,,,0.7678571428571429,0.0,0.23214285714285715,-0.0049614427,-0.0049614427,0.0,0.0,0.0,0.0,0.008928571428571428,0.008928571428571428,0.0,0.0,1001.0,0.008928571428571428,0.07879418492550681,0.026161059739604496,0.008928571428571428,84.00892857142857,2.933468808451781,56.5,0.0,0.0,0.0,0.0,0.008928571428571428,0.008928571428571428,0.0
16.885509,183,22.535208,0,2.3126095816261794,-0.05321347713470459,0.041942715644836426,0.008132905302822298,0.7420552002483896,TakeoverPolicyWithoutBrake,right,False,False,True,"[-0.053213477, 0.041942716]","(-0.053213477, 0.041942716)",False,False,False,False,True,True,False,False,1018,True,0.22761560542200532,0.059694657906387616,1.0,86.0,16.88550899784863,183,False,False,0,0,1.0,1.0,0,0.0,1.1890642343312727,-0.05354377252808034,0.04202520456470427,0.004054946449444753,0.2481778747161109,,,0.47540983606557374,0.0,0.5245901639344263,-0.0057592844,-0.0057592844,0.0,0.0,0.0,0.0,0.00546448087431694,0.00546448087431694,0.0,0.0,1018.0,0.00546448087431694,0.12083674646595975,0.027963308578112366,0.00546448087431694,85.00546448087432,7.54696002912067,92.0,0.0,0.0,0.0,0.0,0.00546448087431694,0.00546448087431694,0.0
3.615553,114,22.682233,0,1.4850412694689665,-0.05547356605529785,0.046103596687316895,0.0050558702641197335,0.28378222369363104,TakeoverPolicyWithoutBrake,forward,True,False,False,"[-0.055473566, 0.046103597]","(-0.055473566, 0.046103597)",False,False,False,False,True,True,False,False,1043,True,0.1524413145578252,0.029742321403127797,1.0,87.0,3.6155534994311704,114,False,False,0,0,1.0,1.0,0,0.0,0.7492160798482247,-0.056092617281696254,0.04629812533395332,0.002489317751698518,0.09456319500223197,,,1.0,0.0,0.0,-0.004897246,-0.004897246,0.0,0.0,0.0,0.0,0.008771929824561403,0.008771929824561403,0.0,0.0,1043.0,0.008771929824561403,0.07691223521042978,0.01738844449230254,0.008771929824561403,86.00877192982456,2.909476192555288,57.5,0.0,0.0,0.0,0.0,0.008771929824561403,0.008771929824561403,0.0
16.69921,184,22.983057,0,2.31399696359668,-0.05610173940658569,0.04476892948150635,0.008136971035968197,0.7360120012261143,TakeoverPolicyWithoutBrake,right,False,False,True,"[-0.05610174, 0.04476893]","(-0.05610174, 0.04476893)",False,False,False,False,True,True,False,False,1048,True,0.22708206897778663,0.06461199372545723,1.0,88.0,16.699210246194397,184,False,False,0,0,1.0,1.0,0,0.0,1.173514548907514,-0.05462034338194391,0.043158013535582504,0.0040000652240549705,0.24458225546175022,,,0.483695652173913,0.0,0.5163043478260869,-0.0057311654,-0.0057311654,0.0,0.0,0.0,0.0,0.005434782608695652,0.005434782608695652,0.0,0.0,1048.0,0.005434782608695652,0.1191646321476749,0.030221112543805245,0.005434782608695652,87.0054347826087,7.440138408528094,92.5,0.0,0.0,0.0,0.0,0.005434782608695652,0.005434782608695652,0.0
16.587132,183,23.202629,0,2.3918365907679595,-0.055314481258392334,0.05021822452545166,0.00843216805109743,0.733670468907073,TakeoverPolicyWithoutBrake,left,False,True,False,"[-0.05531448, 0.050218225]","(-0.05531448, 0.050218225)",False,False,False,False,True,True,False,False,1047,True,0.23431215381861206,0.11608291906811305,1.0,89.0,16.587132306703978,183,False,False,0,0,1.0,1.0,0,0.0,1.175282224872804,-0.05530327786513365,0.04612253272468275,0.004009128245393842,0.23946860213994925,,,0.4918032786885246,0.5081967213114754,0.0,-0.0045903726,-0.0045903726,0.0,0.0,0.0,0.0,0.00546448087431694,0.00546448087431694,0.0,0.0,1047.0,0.00546448087431694,0.11924286590449505,0.053830014454375054,0.00546448087431694,88.00546448087432,7.282157077879644,92.0,0.0,0.0,0.0,0.0,0.00546448087431694,0.00546448087431694,0.0
16.433384,178,23.443166,0,2.4556302745359266,-0.056879520416259766,0.05173611640930176,0.008674928993445793,0.7293687962495174,TakeoverPolicyWithoutBrake,left,False,True,False,"[-0.05687952, 0.051736116]","(-0.05687952, 0.051736116)",False,False,False,False,True,True,False,False,1005,True,0.24077903496588043,0.07024272207954715,1.0,90.0,16.433384414896597,178,False,False,0,0,1.0,1.0,0,0.0,1.1999742381766125,-0.05518489540292976,0.04657312323538105,0.004097577507019762,0.23752684282698158,,,0.4943820224719101,0.5056179775280899,0.0,-0.004305886,-0.004305886,0.0,0.0,0.0,0.0,0.0056179775280898875,0.0056179775280898875,0.0,0.0,1005.0,0.0056179775280898875,0.12176496320147459,0.032583082641992174,0.0056179775280898875,89.00561797752809,7.217036783878058,89.5,0.0,0.0,0.0,0.0,0.0056179775280898875,0.0056179775280898875,0.0
3.747128,116,23.610069,0,1.4637578020878514,-0.05256861448287964,0.04268288612365723,0.004982337562901232,0.2879261702915422,TakeoverPolicyWithoutBrake,right,False,False,True,"[-0.052568614, 0.042682886]","(-0.052568614, 0.042682886)",False,False,False,False,True,True,False,False,1003,True,0.15036285005080158,0.03118499823400645,1.0,91.0,3.7471281980582116,116,False,False,0,0,1.0,1.0,0,0.0,0.7468979445672265,-0.05557103352300052,0.04563407343009423,0.0024821221576857093,0.09615609188636595,,,0.7672413793103449,0.0,0.23275862068965517,-0.0049684797,-0.0049684797,0.0,0.0,0.0,0.0,0.008620689655172414,0.008620689655172414,0.0,0.0,1003.0,0.008620689655172414,0.07670250903542254,0.018174494391799776,0.008620689655172414,90.00862068965517,2.9600324962681634,58.5,0.0,0.0,0.0,0.0,0.008620689655172414,0.008620689655172414,0.0
16.457169,178,23.812657,0,2.3834085812202748,-0.0569724440574646,0.04696798324584961,0.008400010153939937,0.7297151153626329,TakeoverPolicyWithoutBrake,forward,True,False,False,"[-0.056972444, 0.046967983]","(-0.056972444, 0.046967983)",False,False,False,False,True,True,False,False,1036,True,0.23333581224830374,0.09518865631934295,1.0,92.0,16.45716887258438,178,False,False,0,0,1.0,1.0,0,0.0,1.2014589540706655,-0.055741943335265255,0.044377245929803744,0.004099523120014793,0.24232027620364593,,,1.0,0.0,0.0,-0.005682349,-0.005682349,0.0,0.0,0.0,0.0,0.0056179775280898875,0.0056179775280898875,0.0,0.0,1036.0,0.0056179775280898875,0.1218567678923184,0.044637668288903545,0.0056179775280898875,91.00561797752809,7.361081414421586,89.5,0.0,0.0,0.0,0.0,0.0056179775280898875,0.0056179775280898875,0.0
3.619251,113,23.944332,0,1.4992280428539226,-0.05548638105392456,0.04614603519439697,0.00510641253719052,0.28404577407562326,TakeoverPolicyWithoutBrake,forward,True,False,False,"[-0.05548638, 0.046146035]","(-0.05548638, 0.046146035)",False,False,False,False,True,True,False,False,1022,True,0.15388607544821375,0.032038482282443645,1.0,93.0,3.6192508446187226,113,False,False,0,0,1.0,1.0,0,0.0,0.7563806102383395,-0.05609167044141651,0.046302320682896976,0.0025136794165984354,0.09465219592136989,,,1.0,0.0,0.0,-0.0048946748,-0.0048946748,0.0,0.0,0.0,0.0,0.008849557522123894,0.008849557522123894,0.0,0.0,1022.0,0.008849557522123894,0.07763837982360122,0.01872862531659173,0.008849557522123894,92.00884955752213,2.9110875247081927,57.0,0.0,0.0,0.0,0.0,0.008849557522123894,0.008849557522123894,0.0
16.457167,178,24.137522,0,2.383411086005112,-0.0569724440574646,0.04696798324584961,0.008400011640436373,0.7297151532215935,TakeoverPolicyWithoutBrake,forward,True,False,False,"[-0.056972444, 0.046967983]","(-0.056972444, 0.046967983)",False,False,False,False,True,True,False,False,1036,True,0.2333358235198355,0.09518864926255684,1.0,94.0,16.457167278840203,178,False,False,0,0,1.0,1.0,0,0.0,1.2014593596586747,-0.05574231871058432,0.044377273388123244,0.004099523332705582,0.2423202661328821,,,1.0,0.0,0.0,-0.0056825224,-0.0056825224,0.0,0.0,0.0,0.0,0.0056179775280898875,0.0056179775280898875,0.0,0.0,1036.0,0.0056179775280898875,0.12185675900202265,0.0446376647704217,0.0056179775280898875,93.00561797752809,7.361080569914141,89.5,0.0,0.0,0.0,0.0,0.0056179775280898875,0.0056179775280898875,0.0
3.795003,111,24.291806,0,1.5468298448409619,-0.05420196056365967,0.044246792793273926,0.005278184976640884,0.29031413666169115,TakeoverPolicyWithoutBrake,right,False,False,True,"[-0.05420196, 0.044246793]","(-0.05420196, 0.044246793)",False,False,False,False,True,True,False,False,1007,True,0.158768519335964,0.03263556099465215,1.0,95.0,3.795003231869286,111,False,False,0,0,1.0,1.0,0,0.0,0.7860437032182068,-0.05578317352243372,0.045891222653088266,0.0026154426726278483,0.09687990048850396,,,0.7657657657657657,0.0,0.23423423423423423,-0.0049459753,-0.0049459753,0.0,0.0,0.0,0.0,0.009009009009009009,0.009009009009009009,0.0,0.0,1007.0,0.009009009009009009,0.08066461037121847,0.01898676153284107,0.009009009009009009,94.009009009009,2.9763251776474777,56.0,0.0,0.0,0.0,0.0,0.009009009009009009,0.009009009009009009,0.0
25.176823,224,24.697505,0,2.689064945073343,-0.05454796552658081,0.043250441551208496,0.00959114346006931,1.0466105274913786,TakeoverPolicyWithoutBrake,right,False,False,True,"[-0.054547966, 0.04325044]","(-0.054547966, 0.04325044)",False,False,False,False,True,True,False,False,1041,True,0.2516714099286113,0.10699129202457665,1.0,96.0,25.176822547193105,224,False,False,0,0,1.0,1.0,0,0.0,1.3568292341372747,-0.052925225879464834,0.040528268686362674,0.004672368426300798,0.34732873056318064,,,0.40625,0.0,0.59375,-0.0061984784,-0.0061984784,0.0,0.0,0.0,0.0,0.004464285714285714,0.004464285714285714,0.0,0.0,1041.0,0.004464285714285714,0.1358414908800076,0.047122058079871194,0.004464285714285714,95.00446428571429,10.440638159752467,112.5,0.0,0.0,0.0,0.0,0.004464285714285714,0.004464285714285714,0.0
24.722682,215,25.004376,0,2.9029886399791605,-0.057830810546875,0.052341341972351074,0.010429264855795288,1.037057902081378,TakeoverPolicyWithoutBrake,left,False,True,False,"[-0.05783081, 0.052341342]","(-0.05783081, 0.052341342)",False,False,False,False,True,True,False,False,1027,True,0.27004053017873436,0.10126038491053432,1.0,97.0,24.722682213580804,215,False,False,0,0,1.0,1.0,0,0.0,1.3962001394034291,-0.05428331009177274,0.04555903479110363,0.004823525125959896,0.33385369479231786,,,0.4232558139534884,0.5767441860465117,0.0,-0.0043621375,-0.0043621375,0.0,0.0,0.0,0.0,0.004651162790697674,0.004651162790697674,0.0,0.0,1027.0,0.004651162790697674,0.1395010360174862,0.04392732553829413,0.004651162790697674,96.0046511627907,10.013856956778202,108.0,0.0,0.0,0.0,0.0,0.004651162790697674,0.004651162790697674,0.0
25.369844,234,25.321074,0,2.5866348779795625,-0.05440413951873779,0.043158888816833496,0.00919325020070343,1.0507472202671382,TakeoverPolicyWithoutBrake,right,False,False,True,"[-0.05440414, 0.04315889]","(-0.05440414, 0.04315889)",False,False,False,False,True,True,False,False,1017,True,0.2418301340505174,0.09760654844316193,1.0,98.0,25.369844216846687,234,False,False,0,0,1.0,1.0,0,0.0,1.306781102373736,-0.052876124524662636,0.04035996371864253,0.004490372736184352,0.349144027897237,,,0.4017094017094017,0.0,0.5982905982905983,-0.0062580802,-0.0062580802,0.0,0.0,0.0,0.0,0.004273504273504274,0.004273504273504274,0.0,0.0,1017.0,0.004273504273504274,0.13081912115768032,0.042965842807353015,0.004273504273504274,97.0042735042735,10.513708202094042,117.5,0.0,0.0,0.0,0.0,0.004273504273504274,0.004273504273504274,0.0
25.367599,224,25.748972,0,2.6936510486472343,-0.0540429949760437,0.04247546195983887,0.009609443808159921,1.0534667476440494,TakeoverPolicyWithoutBrake,right,False,False,True,"[-0.054042995, 0.042475462]","(-0.054042995, 0.042475462)",False,False,False,False,True,True,False,False,1045,True,0.25213836697477193,0.07872381137558684,1.0,99.0,25.367599332973285,224,False,False,0,0,1.0,1.0,0,0.0,1.365300283035332,-0.05267174914479256,0.0401712991297245,0.0047029765519823645,0.35031905395174434,,,0.4017857142857143,0.0,0.5982142857142857,-0.006250225,-0.006250225,0.0,0.0,0.0,0.0,0.004464285714285714,0.004464285714285714,0.0,0.0,1045.0,0.004464285714285714,0.13669525758905382,0.03467761970488853,0.004464285714285714,98.00446428571429,10.527275166851092,112.5,0.0,0.0,0.0,0.0,0.004464285714285714,0.004464285714285714,0.0
24.762244,218,26.105953,0,2.8526989102167155,-0.05830073356628418,0.05184221267700195,0.01023034357655907,1.0378007696452884,TakeoverPolicyWithoutBrake,left,False,True,False,"[-0.058300734, 0.051842213]","(-0.058300734, 0.051842213)",False,False,False,False,True,True,False,False,1039,True,0.26473304963699085,0.10749942009965852,1.0,100.0,24.762244058137608,218,False,False,0,0,1.0,1.0,0,0.0,1.3793528726578113,-0.05459810807070601,0.04479417669663736,0.004760553989198572,0.3357013245739954,,,0.41743119266055045,0.5825688073394495,0.0,-0.0049019656,-0.0049019656,0.0,0.0,0.0,0.0,0.0045871559633027525,0.0045871559633027525,0.0,0.0,1039.0,0.0045871559633027525,0.13773842709988338,0.04677104109575861,0.0045871559633027525,99.0045871559633,10.073727567545072,109.5,0.0,0.0,0.0,0.0,0.0045871559633027525,0.0045871559633027525,0.0
3.755679,116,27.226681,0,1.460548806089816,-0.05221611261367798,0.042008399963378906,0.0049711491580568205,0.288187633622568,TakeoverPolicyWithoutBrake,right,False,False,True,"[-0.052216113, 0.0420084]","(-0.052216113, 0.0420084)",False,False,False,False,True,True,False,False,1046,True,0.1500546778793573,0.02428082980292107,1.0,101.0,3.7556789367168477,116,False,False,0,0,1.0,1.0,0,0.0,0.7475427844219819,-0.055421073888910224,0.04544844195760529,0.0024843761519186902,0.09631783090773464,,,0.7672413793103449,0.0,0.23275862068965517,-0.004986316,-0.004986316,0.0,0.0,0.0,0.0,0.008620689655172414,0.008620689655172414,0.0,0.0,1046.0,0.008620689655172414,0.07677356564307071,0.014151031709558304,0.008620689655172414,100.00862068965517,2.965003120961111,58.5,0.0,0.0,0.0,0.0,0.008620689655172414,0.008620689655172414,0.0
3.754541,116,27.363635,0,1.4620431509873235,-0.052407026290893555,0.042449355125427246,0.004976226706879808,0.2881532610449514,TakeoverPolicyWithoutBrake,right,False,False,True,"[-0.052407026, 0.042449355]","(-0.052407026, 0.042449355)",False,False,False,False,True,True,False,False,1049,True,0.1502006388815914,0.038101486822028165,1.0,102.0,3.7545406395537118,116,False,False,0,0,1.0,1.0,0,0.0,0.7474650656612036,-0.055400839653508414,0.04550229886482502,0.0024840798365944085,0.09629733482517364,,,0.7672413793103449,0.0,0.23275862068965517,-0.0049492707,-0.0049492707,0.0,0.0,0.0,0.0,0.008620689655172414,0.008620689655172414,0.0,0.0,1049.0,0.008620689655172414,0.076765011020994,0.022205726746840616,0.008620689655172414,101.00862068965517,2.9643925885174847,58.5,0.0,0.0,0.0,0.0,0.008620689655172414,0.008620689655172414,0.0
16.449494,185,27.554812,0,2.3019650743942552,-0.05700254440307617,0.046820640563964844,0.008090442598788862,0.7272884683881478,TakeoverPolicyWithoutBrake,forward,True,False,False,"[-0.057002544, 0.04682064]","(-0.057002544, 0.04682064)",False,False,False,False,True,True,False,False,1037,True,0.22570804022246946,0.07383594420781249,1.0,103.0,16.449494171365465,185,False,False,0,0,1.0,1.0,0,0.0,1.1541084017115288,-0.055263270558537664,0.0441403730495556,0.003931289018314312,0.24030695962599993,,,1.0,0.0,0.0,-0.0055614486,-0.0055614486,0.0,0.0,0.0,0.0,0.005405405405405406,0.005405405405405406,0.0,0.0,1037.0,0.005405405405405406,0.11716325519777261,0.034513343247872745,0.005405405405405406,102.00540540540541,7.314726931097205,93.0,0.0,0.0,0.0,0.0,0.005405405405405406,0.005405405405405406,0.0
16.457166,178,27.752436,0,2.3834136966045207,-0.0569724440574646,0.04696810245513916,0.008400020813975477,0.729715353398608,TakeoverPolicyWithoutBrake,forward,True,False,False,"[-0.056972444, 0.046968102]","(-0.056972444, 0.046968102)",False,False,False,False,True,True,False,False,1036,True,0.23333583526753285,0.09518864220577071,1.0,104.0,16.457165518627924,178,False,False,0,0,1.0,1.0,0,0.0,1.2014595580157938,-0.055742403094688156,0.04437728678242544,0.004099524457295551,0.242320356533667,,,1.0,0.0,0.0,-0.0056825583,-0.0056825583,0.0,0.0,0.0,0.0,0.0056179775280898875,0.0056179775280898875,0.0,0.0,1036.0,0.0056179775280898875,0.12185674917918796,0.04463767155960498,0.0056179775280898875,103.00561797752809,7.361082480765614,89.5,0.0,0.0,0.0,0.0,0.0056179775280898875,0.0056179775280898875,0.0
16.433364,178,27.979618,0,2.4556270255656107,-0.056879520416259766,0.05173599720001221,0.00867492041085521,0.7293678708495844,TakeoverPolicyWithoutBrake,left,False,True,False,"[-0.05687952, 0.051735997]","(-0.05687952, 0.051735997)",False,False,False,False,True,True,False,False,1005,True,0.240779020345514,0.07024266997460302,1.0,105.0,16.43336433574204,178,False,False,0,0,1.0,1.0,0,0.0,1.1999729644080832,-0.055185048767689905,0.04657304889700386,0.0040975723081437335,0.23752659844666016,,,0.4943820224719101,0.5056179775280899,0.0,-0.0043059997,-0.0043059997,0.0,0.0,0.0,0.0,0.0056179775280898875,0.0056179775280898875,0.0,0.0,1005.0,0.0056179775280898875,0.12176485031509862,0.03258306507852787,0.0056179775280898875,104.00561797752809,7.217030107222484,89.5,0.0,0.0,0.0,0.0,0.0056179775280898875,0.0056179775280898875,0.0
3.784107,110,28.133364,0,1.5597220344450589,-0.054406583309173584,0.044374823570251465,0.005324180102274469,0.29009004119039683,TakeoverPolicyWithoutBrake,right,False,False,True,"[-0.054406583, 0.044374824]","(-0.054406583, 0.044374824)",False,False,False,False,True,True,False,False,1034,True,0.16007775489230747,0.025308035151350747,1.0,106.0,3.7841067469397043,110,False,False,0,0,1.0,1.0,0,0.0,0.7924382531387711,-0.05581009713086215,0.045905603062022814,0.0026371821926399713,0.09680585547669146,,,0.7636363636363637,0.0,0.23636363636363636,-0.0049522473,-0.0049522473,0.0,0.0,0.0,0.0,0.00909090909090909,0.00909090909090909,0.0,0.0,1034.0,0.00909090909090909,0.08131076819847284,0.014728381016695586,0.00909090909090909,105.00909090909092,2.972905456101856,55.5,0.0,0.0,0.0,0.0,0.00909090909090909,0.00909090909090909,0.0
